[{"__symbolic":"module","version":3,"metadata":{"NgbDatepickerDayView":{"__symbolic":"class","decorators":[{"__symbolic":"call","expression":{"__symbolic":"reference","module":"@angular/core","name":"Component"},"arguments":[{"selector":"[ngbDatepickerDayView]","changeDetection":{"__symbolic":"select","expression":{"__symbolic":"reference","module":"@angular/core","name":"ChangeDetectionStrategy"},"member":"OnPush"},"styles":["\n    :host {\n      text-align: center;\n      width: 2rem;\n      height: 2rem;\n      line-height: 2rem;\n      border-radius: 0.25rem;\n      background: transparent;\n    }\n    :host.outside {\n      opacity: 0.5;\n    }\n  "],"host":{"class":"btn-light","[class.bg-primary]":"selected","[class.text-white]":"selected","[class.text-muted]":"isMuted()","[class.outside]":"isMuted()","[class.active]":"focused","$quoted$":["class","[class.bg-primary]","[class.text-white]","[class.text-muted]","[class.outside]","[class.active]"]},"template":"{{ date.day }}"}]}],"members":{"currentMonth":[{"__symbolic":"property","decorators":[{"__symbolic":"call","expression":{"__symbolic":"reference","module":"@angular/core","name":"Input"}}]}],"date":[{"__symbolic":"property","decorators":[{"__symbolic":"call","expression":{"__symbolic":"reference","module":"@angular/core","name":"Input"}}]}],"disabled":[{"__symbolic":"property","decorators":[{"__symbolic":"call","expression":{"__symbolic":"reference","module":"@angular/core","name":"Input"}}]}],"focused":[{"__symbolic":"property","decorators":[{"__symbolic":"call","expression":{"__symbolic":"reference","module":"@angular/core","name":"Input"}}]}],"selected":[{"__symbolic":"property","decorators":[{"__symbolic":"call","expression":{"__symbolic":"reference","module":"@angular/core","name":"Input"}}]}],"isMuted":[{"__symbolic":"method"}]}}}},{"__symbolic":"module","version":1,"metadata":{"NgbDatepickerDayView":{"__symbolic":"class","decorators":[{"__symbolic":"call","expression":{"__symbolic":"reference","module":"@angular/core","name":"Component"},"arguments":[{"selector":"[ngbDatepickerDayView]","changeDetection":{"__symbolic":"select","expression":{"__symbolic":"reference","module":"@angular/core","name":"ChangeDetectionStrategy"},"member":"OnPush"},"styles":["\n    :host {\n      text-align: center;\n      width: 2rem;\n      height: 2rem;\n      line-height: 2rem;\n      border-radius: 0.25rem;\n      background: transparent;\n    }\n    :host.outside {\n      opacity: 0.5;\n    }\n  "],"host":{"class":"btn-light","[class.bg-primary]":"selected","[class.text-white]":"selected","[class.text-muted]":"isMuted()","[class.outside]":"isMuted()","[class.active]":"focused"},"template":"{{ date.day }}"}]}],"members":{"currentMonth":[{"__symbolic":"property","decorators":[{"__symbolic":"call","expression":{"__symbolic":"reference","module":"@angular/core","name":"Input"}}]}],"date":[{"__symbolic":"property","decorators":[{"__symbolic":"call","expression":{"__symbolic":"reference","module":"@angular/core","name":"Input"}}]}],"disabled":[{"__symbolic":"property","decorators":[{"__symbolic":"call","expression":{"__symbolic":"reference","module":"@angular/core","name":"Input"}}]}],"focused":[{"__symbolic":"property","decorators":[{"__symbolic":"call","expression":{"__symbolic":"reference","module":"@angular/core","name":"Input"}}]}],"selected":[{"__symbolic":"property","decorators":[{"__symbolic":"call","expression":{"__symbolic":"reference","module":"@angular/core","name":"Input"}}]}],"isMuted":[{"__symbolic":"method"}]}}}}]