[{"__symbolic":"module","version":3,"metadata":{"isChangedDate":{"__symbolic":"function","parameters":["prev","next"],"value":{"__symbolic":"pre","operator":"!","operand":{"__symbolic":"call","expression":{"__symbolic":"reference","name":"dateComparator"},"arguments":[{"__symbolic":"reference","name":"prev"},{"__symbolic":"reference","name":"next"}]}}},"dateComparator":{"__symbolic":"function","parameters":["prev","next"],"value":{"__symbolic":"binop","operator":"||","left":{"__symbolic":"binop","operator":"&&","left":{"__symbolic":"pre","operator":"!","operand":{"__symbolic":"reference","name":"prev"}},"right":{"__symbolic":"pre","operator":"!","operand":{"__symbolic":"reference","name":"next"}}},"right":{"__symbolic":"binop","operator":"&&","left":{"__symbolic":"binop","operator":"&&","left":{"__symbolic":"pre","operator":"!","operand":{"__symbolic":"pre","operator":"!","operand":{"__symbolic":"reference","name":"prev"}}},"right":{"__symbolic":"pre","operator":"!","operand":{"__symbolic":"pre","operator":"!","operand":{"__symbolic":"reference","name":"next"}}}},"right":{"__symbolic":"call","expression":{"__symbolic":"select","expression":{"__symbolic":"reference","name":"prev"},"member":"equals"},"arguments":[{"__symbolic":"reference","name":"next"}]}}}},"checkMinBeforeMax":{"__symbolic":"function"},"checkDateInRange":{"__symbolic":"function"},"isDateSelectable":{"__symbolic":"function"},"buildMonths":{"__symbolic":"function"},"buildMonth":{"__symbolic":"function"},"getFirstViewDate":{"__symbolic":"function"}}},{"__symbolic":"module","version":1,"metadata":{"isChangedDate":{"__symbolic":"function","parameters":["prev","next"],"value":{"__symbolic":"pre","operator":"!","operand":{"__symbolic":"call","expression":{"__symbolic":"reference","name":"dateComparator"},"arguments":[{"__symbolic":"reference","name":"prev"},{"__symbolic":"reference","name":"next"}]}}},"dateComparator":{"__symbolic":"function","parameters":["prev","next"],"value":{"__symbolic":"binop","operator":"||","left":{"__symbolic":"binop","operator":"&&","left":{"__symbolic":"pre","operator":"!","operand":{"__symbolic":"reference","name":"prev"}},"right":{"__symbolic":"pre","operator":"!","operand":{"__symbolic":"reference","name":"next"}}},"right":{"__symbolic":"binop","operator":"&&","left":{"__symbolic":"binop","operator":"&&","left":{"__symbolic":"pre","operator":"!","operand":{"__symbolic":"pre","operator":"!","operand":{"__symbolic":"reference","name":"prev"}}},"right":{"__symbolic":"pre","operator":"!","operand":{"__symbolic":"pre","operator":"!","operand":{"__symbolic":"reference","name":"next"}}}},"right":{"__symbolic":"call","expression":{"__symbolic":"select","expression":{"__symbolic":"reference","name":"prev"},"member":"equals"},"arguments":[{"__symbolic":"reference","name":"next"}]}}}},"checkMinBeforeMax":{"__symbolic":"function"},"checkDateInRange":{"__symbolic":"function"},"isDateSelectable":{"__symbolic":"function"},"buildMonths":{"__symbolic":"function"},"buildMonth":{"__symbolic":"function"},"getFirstViewDate":{"__symbolic":"function"}}}]