[{"__symbolic":"module","version":3,"metadata":{"NgbDatepickerNavigationSelect":{"__symbolic":"class","decorators":[{"__symbolic":"call","expression":{"__symbolic":"reference","module":"@angular/core","name":"Component"},"arguments":[{"selector":"ngb-datepicker-navigation-select","changeDetection":{"__symbolic":"select","expression":{"__symbolic":"reference","module":"@angular/core","name":"ChangeDetectionStrategy"},"member":"OnPush"},"styles":["\n    select {\n      /* to align with btn-sm */\n      padding: 0.25rem 0.5rem;\n      font-size: 0.875rem;      \n      line-height: 1.25;\n      /* to cancel the custom height set by custom-select */\n      height: inherit;\n      width: 50%;\n    }\n  "],"template":"\n    <select\n      [disabled]=\"disabled\"\n      class=\"custom-select d-inline-block\"\n      [value]=\"date?.month\"\n      (change)=\"changeMonth($event.target.value)\"\n      tabindex=\"-1\">\n        <option *ngFor=\"let m of months\" [value]=\"m\">{{ i18n.getMonthShortName(m) }}</option>\n    </select><select\n      [disabled]=\"disabled\"\n      class=\"custom-select d-inline-block\"\n      [value]=\"date?.year\"\n      (change)=\"changeYear($event.target.value)\"\n      tabindex=\"-1\">\n        <option *ngFor=\"let y of years\" [value]=\"y\">{{ y }}</option>\n    </select> \n  "}]}],"members":{"date":[{"__symbolic":"property","decorators":[{"__symbolic":"call","expression":{"__symbolic":"reference","module":"@angular/core","name":"Input"}}]}],"disabled":[{"__symbolic":"property","decorators":[{"__symbolic":"call","expression":{"__symbolic":"reference","module":"@angular/core","name":"Input"}}]}],"maxDate":[{"__symbolic":"property","decorators":[{"__symbolic":"call","expression":{"__symbolic":"reference","module":"@angular/core","name":"Input"}}]}],"minDate":[{"__symbolic":"property","decorators":[{"__symbolic":"call","expression":{"__symbolic":"reference","module":"@angular/core","name":"Input"}}]}],"select":[{"__symbolic":"property","decorators":[{"__symbolic":"call","expression":{"__symbolic":"reference","module":"@angular/core","name":"Output"}}]}],"__ctor__":[{"__symbolic":"constructor","parameters":[{"__symbolic":"reference","module":"./datepicker-i18n","name":"NgbDatepickerI18n"},{"__symbolic":"reference","module":"./ngb-calendar","name":"NgbCalendar"}]}],"ngOnChanges":[{"__symbolic":"method"}],"changeMonth":[{"__symbolic":"method"}],"changeYear":[{"__symbolic":"method"}],"_generateMonths":[{"__symbolic":"method"}],"_generateYears":[{"__symbolic":"method"}]}}}},{"__symbolic":"module","version":1,"metadata":{"NgbDatepickerNavigationSelect":{"__symbolic":"class","decorators":[{"__symbolic":"call","expression":{"__symbolic":"reference","module":"@angular/core","name":"Component"},"arguments":[{"selector":"ngb-datepicker-navigation-select","changeDetection":{"__symbolic":"select","expression":{"__symbolic":"reference","module":"@angular/core","name":"ChangeDetectionStrategy"},"member":"OnPush"},"styles":["\n    select {\n      /* to align with btn-sm */\n      padding: 0.25rem 0.5rem;\n      font-size: 0.875rem;      \n      line-height: 1.25;\n      /* to cancel the custom height set by custom-select */\n      height: inherit;\n      width: 50%;\n    }\n  "],"template":"\n    <select\n      [disabled]=\"disabled\"\n      class=\"custom-select d-inline-block\"\n      [value]=\"date?.month\"\n      (change)=\"changeMonth($event.target.value)\"\n      tabindex=\"-1\">\n        <option *ngFor=\"let m of months\" [value]=\"m\">{{ i18n.getMonthShortName(m) }}</option>\n    </select><select\n      [disabled]=\"disabled\"\n      class=\"custom-select d-inline-block\"\n      [value]=\"date?.year\"\n      (change)=\"changeYear($event.target.value)\"\n      tabindex=\"-1\">\n        <option *ngFor=\"let y of years\" [value]=\"y\">{{ y }}</option>\n    </select> \n  "}]}],"members":{"date":[{"__symbolic":"property","decorators":[{"__symbolic":"call","expression":{"__symbolic":"reference","module":"@angular/core","name":"Input"}}]}],"disabled":[{"__symbolic":"property","decorators":[{"__symbolic":"call","expression":{"__symbolic":"reference","module":"@angular/core","name":"Input"}}]}],"maxDate":[{"__symbolic":"property","decorators":[{"__symbolic":"call","expression":{"__symbolic":"reference","module":"@angular/core","name":"Input"}}]}],"minDate":[{"__symbolic":"property","decorators":[{"__symbolic":"call","expression":{"__symbolic":"reference","module":"@angular/core","name":"Input"}}]}],"select":[{"__symbolic":"property","decorators":[{"__symbolic":"call","expression":{"__symbolic":"reference","module":"@angular/core","name":"Output"}}]}],"__ctor__":[{"__symbolic":"constructor","parameters":[{"__symbolic":"reference","module":"./datepicker-i18n","name":"NgbDatepickerI18n"},{"__symbolic":"reference","module":"./ngb-calendar","name":"NgbCalendar"}]}],"ngOnChanges":[{"__symbolic":"method"}],"changeMonth":[{"__symbolic":"method"}],"changeYear":[{"__symbolic":"method"}],"_generateMonths":[{"__symbolic":"method"}],"_generateYears":[{"__symbolic":"method"}]}}}}]