[{"__symbolic":"module","version":3,"metadata":{"NgbInputDatepicker":{"__symbolic":"class","decorators":[{"__symbolic":"call","expression":{"__symbolic":"reference","module":"@angular/core","name":"Directive"},"arguments":[{"selector":"input[ngbDatepicker]","exportAs":"ngbDatepicker","host":{"(input)":"manualDateChange($event.target.value)","(change)":"manualDateChange($event.target.value, true)","(keyup.esc)":"close()","(blur)":"onBlur()","$quoted$":["(input)","(change)","(keyup.esc)","(blur)"]},"providers":[{"provide":{"__symbolic":"reference","module":"@angular/forms","name":"NG_VALUE_ACCESSOR"},"useExisting":{"__symbolic":"reference","name":"NgbInputDatepicker"},"multi":true},{"provide":{"__symbolic":"reference","module":"@angular/forms","name":"NG_VALIDATORS"},"useExisting":{"__symbolic":"reference","name":"NgbInputDatepicker"},"multi":true},{"__symbolic":"reference","module":"./datepicker-service","name":"NgbDatepickerService"}]}]}],"members":{"dayTemplate":[{"__symbolic":"property","decorators":[{"__symbolic":"call","expression":{"__symbolic":"reference","module":"@angular/core","name":"Input"}}]}],"displayMonths":[{"__symbolic":"property","decorators":[{"__symbolic":"call","expression":{"__symbolic":"reference","module":"@angular/core","name":"Input"}}]}],"firstDayOfWeek":[{"__symbolic":"property","decorators":[{"__symbolic":"call","expression":{"__symbolic":"reference","module":"@angular/core","name":"Input"}}]}],"markDisabled":[{"__symbolic":"property","decorators":[{"__symbolic":"call","expression":{"__symbolic":"reference","module":"@angular/core","name":"Input"}}]}],"minDate":[{"__symbolic":"property","decorators":[{"__symbolic":"call","expression":{"__symbolic":"reference","module":"@angular/core","name":"Input"}}]}],"maxDate":[{"__symbolic":"property","decorators":[{"__symbolic":"call","expression":{"__symbolic":"reference","module":"@angular/core","name":"Input"}}]}],"navigation":[{"__symbolic":"property","decorators":[{"__symbolic":"call","expression":{"__symbolic":"reference","module":"@angular/core","name":"Input"}}]}],"outsideDays":[{"__symbolic":"property","decorators":[{"__symbolic":"call","expression":{"__symbolic":"reference","module":"@angular/core","name":"Input"}}]}],"placement":[{"__symbolic":"property","decorators":[{"__symbolic":"call","expression":{"__symbolic":"reference","module":"@angular/core","name":"Input"}}]}],"showWeekdays":[{"__symbolic":"property","decorators":[{"__symbolic":"call","expression":{"__symbolic":"reference","module":"@angular/core","name":"Input"}}]}],"showWeekNumbers":[{"__symbolic":"property","decorators":[{"__symbolic":"call","expression":{"__symbolic":"reference","module":"@angular/core","name":"Input"}}]}],"startDate":[{"__symbolic":"property","decorators":[{"__symbolic":"call","expression":{"__symbolic":"reference","module":"@angular/core","name":"Input"}}]}],"navigate":[{"__symbolic":"property","decorators":[{"__symbolic":"call","expression":{"__symbolic":"reference","module":"@angular/core","name":"Output"}}]}],"__ctor__":[{"__symbolic":"constructor","parameters":[{"__symbolic":"reference","module":"./ngb-date-parser-formatter","name":"NgbDateParserFormatter"},{"__symbolic":"reference","module":"@angular/core","name":"ElementRef"},{"__symbolic":"reference","module":"@angular/core","name":"ViewContainerRef"},{"__symbolic":"reference","module":"@angular/core","name":"Renderer2"},{"__symbolic":"reference","module":"@angular/core","name":"ComponentFactoryResolver"},{"__symbolic":"reference","module":"@angular/core","name":"NgZone"},{"__symbolic":"reference","module":"./datepicker-service","name":"NgbDatepickerService"},{"__symbolic":"reference","module":"./ngb-calendar","name":"NgbCalendar"}]}],"registerOnChange":[{"__symbolic":"method"}],"registerOnTouched":[{"__symbolic":"method"}],"registerOnValidatorChange":[{"__symbolic":"method"}],"setDisabledState":[{"__symbolic":"method"}],"validate":[{"__symbolic":"method"}],"writeValue":[{"__symbolic":"method"}],"manualDateChange":[{"__symbolic":"method"}],"isOpen":[{"__symbolic":"method"}],"open":[{"__symbolic":"method"}],"close":[{"__symbolic":"method"}],"toggle":[{"__symbolic":"method"}],"navigateTo":[{"__symbolic":"method"}],"onBlur":[{"__symbolic":"method"}],"ngOnChanges":[{"__symbolic":"method"}],"ngOnDestroy":[{"__symbolic":"method"}],"_applyDatepickerInputs":[{"__symbolic":"method"}],"_applyPopupStyling":[{"__symbolic":"method"}],"_subscribeForDatepickerOutputs":[{"__symbolic":"method"}],"_writeModelValue":[{"__symbolic":"method"}]}}}},{"__symbolic":"module","version":1,"metadata":{"NgbInputDatepicker":{"__symbolic":"class","decorators":[{"__symbolic":"call","expression":{"__symbolic":"reference","module":"@angular/core","name":"Directive"},"arguments":[{"selector":"input[ngbDatepicker]","exportAs":"ngbDatepicker","host":{"(input)":"manualDateChange($event.target.value)","(change)":"manualDateChange($event.target.value, true)","(keyup.esc)":"close()","(blur)":"onBlur()"},"providers":[{"provide":{"__symbolic":"reference","module":"@angular/forms","name":"NG_VALUE_ACCESSOR"},"useExisting":{"__symbolic":"reference","name":"NgbInputDatepicker"},"multi":true},{"provide":{"__symbolic":"reference","module":"@angular/forms","name":"NG_VALIDATORS"},"useExisting":{"__symbolic":"reference","name":"NgbInputDatepicker"},"multi":true},{"__symbolic":"reference","module":"./datepicker-service","name":"NgbDatepickerService"}]}]}],"members":{"dayTemplate":[{"__symbolic":"property","decorators":[{"__symbolic":"call","expression":{"__symbolic":"reference","module":"@angular/core","name":"Input"}}]}],"displayMonths":[{"__symbolic":"property","decorators":[{"__symbolic":"call","expression":{"__symbolic":"reference","module":"@angular/core","name":"Input"}}]}],"firstDayOfWeek":[{"__symbolic":"property","decorators":[{"__symbolic":"call","expression":{"__symbolic":"reference","module":"@angular/core","name":"Input"}}]}],"markDisabled":[{"__symbolic":"property","decorators":[{"__symbolic":"call","expression":{"__symbolic":"reference","module":"@angular/core","name":"Input"}}]}],"minDate":[{"__symbolic":"property","decorators":[{"__symbolic":"call","expression":{"__symbolic":"reference","module":"@angular/core","name":"Input"}}]}],"maxDate":[{"__symbolic":"property","decorators":[{"__symbolic":"call","expression":{"__symbolic":"reference","module":"@angular/core","name":"Input"}}]}],"navigation":[{"__symbolic":"property","decorators":[{"__symbolic":"call","expression":{"__symbolic":"reference","module":"@angular/core","name":"Input"}}]}],"outsideDays":[{"__symbolic":"property","decorators":[{"__symbolic":"call","expression":{"__symbolic":"reference","module":"@angular/core","name":"Input"}}]}],"placement":[{"__symbolic":"property","decorators":[{"__symbolic":"call","expression":{"__symbolic":"reference","module":"@angular/core","name":"Input"}}]}],"showWeekdays":[{"__symbolic":"property","decorators":[{"__symbolic":"call","expression":{"__symbolic":"reference","module":"@angular/core","name":"Input"}}]}],"showWeekNumbers":[{"__symbolic":"property","decorators":[{"__symbolic":"call","expression":{"__symbolic":"reference","module":"@angular/core","name":"Input"}}]}],"startDate":[{"__symbolic":"property","decorators":[{"__symbolic":"call","expression":{"__symbolic":"reference","module":"@angular/core","name":"Input"}}]}],"navigate":[{"__symbolic":"property","decorators":[{"__symbolic":"call","expression":{"__symbolic":"reference","module":"@angular/core","name":"Output"}}]}],"__ctor__":[{"__symbolic":"constructor","parameters":[{"__symbolic":"reference","module":"./ngb-date-parser-formatter","name":"NgbDateParserFormatter"},{"__symbolic":"reference","module":"@angular/core","name":"ElementRef"},{"__symbolic":"reference","module":"@angular/core","name":"ViewContainerRef"},{"__symbolic":"reference","module":"@angular/core","name":"Renderer2"},{"__symbolic":"reference","module":"@angular/core","name":"ComponentFactoryResolver"},{"__symbolic":"reference","module":"@angular/core","name":"NgZone"},{"__symbolic":"reference","module":"./datepicker-service","name":"NgbDatepickerService"},{"__symbolic":"reference","module":"./ngb-calendar","name":"NgbCalendar"}]}],"registerOnChange":[{"__symbolic":"method"}],"registerOnTouched":[{"__symbolic":"method"}],"registerOnValidatorChange":[{"__symbolic":"method"}],"setDisabledState":[{"__symbolic":"method"}],"validate":[{"__symbolic":"method"}],"writeValue":[{"__symbolic":"method"}],"manualDateChange":[{"__symbolic":"method"}],"isOpen":[{"__symbolic":"method"}],"open":[{"__symbolic":"method"}],"close":[{"__symbolic":"method"}],"toggle":[{"__symbolic":"method"}],"navigateTo":[{"__symbolic":"method"}],"onBlur":[{"__symbolic":"method"}],"ngOnChanges":[{"__symbolic":"method"}],"ngOnDestroy":[{"__symbolic":"method"}],"_applyDatepickerInputs":[{"__symbolic":"method"}],"_applyPopupStyling":[{"__symbolic":"method"}],"_subscribeForDatepickerOutputs":[{"__symbolic":"method"}],"_writeModelValue":[{"__symbolic":"method"}]}}}}]