[{"__symbolic":"module","version":3,"metadata":{"NgbDatepickerService":{"__symbolic":"class","decorators":[{"__symbolic":"call","expression":{"__symbolic":"reference","module":"@angular/core","name":"Injectable"}}],"members":{"__ctor__":[{"__symbolic":"constructor","parameters":[{"__symbolic":"reference","module":"./ngb-calendar","name":"NgbCalendar"}]}],"focus":[{"__symbolic":"method"}],"focusMove":[{"__symbolic":"method"}],"focusSelect":[{"__symbolic":"method"}],"open":[{"__symbolic":"method"}],"select":[{"__symbolic":"method"}],"toValidDate":[{"__symbolic":"method"}],"_nextState":[{"__symbolic":"method"}],"_patchContexts":[{"__symbolic":"method"}],"_updateState":[{"__symbolic":"method"}]}}}},{"__symbolic":"module","version":1,"metadata":{"NgbDatepickerService":{"__symbolic":"class","decorators":[{"__symbolic":"call","expression":{"__symbolic":"reference","module":"@angular/core","name":"Injectable"}}],"members":{"__ctor__":[{"__symbolic":"constructor","parameters":[{"__symbolic":"reference","module":"./ngb-calendar","name":"NgbCalendar"}]}],"focus":[{"__symbolic":"method"}],"focusMove":[{"__symbolic":"method"}],"focusSelect":[{"__symbolic":"method"}],"open":[{"__symbolic":"method"}],"select":[{"__symbolic":"method"}],"toValidDate":[{"__symbolic":"method"}],"_nextState":[{"__symbolic":"method"}],"_patchContexts":[{"__symbolic":"method"}],"_updateState":[{"__symbolic":"method"}]}}}}]