[{"__symbolic":"module","version":3,"metadata":{"NgbDatepickerKeyMapService":{"__symbolic":"class","decorators":[{"__symbolic":"call","expression":{"__symbolic":"reference","module":"@angular/core","name":"Injectable"}}],"members":{"__ctor__":[{"__symbolic":"constructor","parameters":[{"__symbolic":"reference","module":"./datepicker-service","name":"NgbDatepickerService"},{"__symbolic":"reference","module":"./ngb-calendar","name":"NgbCalendar"}]}],"processKey":[{"__symbolic":"method"}]}}}},{"__symbolic":"module","version":1,"metadata":{"NgbDatepickerKeyMapService":{"__symbolic":"class","decorators":[{"__symbolic":"call","expression":{"__symbolic":"reference","module":"@angular/core","name":"Injectable"}}],"members":{"__ctor__":[{"__symbolic":"constructor","parameters":[{"__symbolic":"reference","module":"./datepicker-service","name":"NgbDatepickerService"},{"__symbolic":"reference","module":"./ngb-calendar","name":"NgbCalendar"}]}],"processKey":[{"__symbolic":"method"}]}}}}]