[{"__symbolic":"module","version":3,"metadata":{"NgbDatepickerNavigateEvent":{"__symbolic":"interface"},"NgbDatepicker":{"__symbolic":"class","decorators":[{"__symbolic":"call","expression":{"__symbolic":"reference","module":"@angular/core","name":"Component"},"arguments":[{"exportAs":"ngbDatepicker","selector":"ngb-datepicker","changeDetection":{"__symbolic":"select","expression":{"__symbolic":"reference","module":"@angular/core","name":"ChangeDetectionStrategy"},"member":"OnPush"},"host":{"class":"d-inline-block rounded","tabindex":"0","[attr.tabindex]":"model.disabled ? undefined : \"0\"","(blur)":"showFocus(false)","(focus)":"showFocus(true)","(keydown)":"onKeyDown($event)","$quoted$":["class","tabindex","[attr.tabindex]","(blur)","(focus)","(keydown)"]},"styles":["\n    :host {\n      border: 1px solid rgba(0, 0, 0, 0.125);\n    }\n    .ngb-dp-header {\n      border-bottom: 1px solid rgba(0, 0, 0, 0.125);\n    }\n    .ngb-dp-month {\n      pointer-events: none;\n    }\n    ngb-datepicker-month-view {\n      pointer-events: auto;\n    }\n    .ngb-dp-month:first-child {\n      margin-left: 0 !important;\n    }\n    .ngb-dp-month-name {\n      font-size: larger;\n      height: 2rem;\n      line-height: 2rem;\n    }\n  "],"template":"\n    <ng-template #dt let-date=\"date\" let-currentMonth=\"currentMonth\" let-selected=\"selected\" let-disabled=\"disabled\" let-focused=\"focused\">\n      <div ngbDatepickerDayView\n        [date]=\"date\"\n        [currentMonth]=\"currentMonth\"\n        [selected]=\"selected\"\n        [disabled]=\"disabled\"\n        [focused]=\"focused\">\n      </div>\n    </ng-template>\n\n    <div class=\"ngb-dp-header bg-light pt-1 rounded-top\" [style.height.rem]=\"getHeaderHeight()\"\n         [style.marginBottom.rem]=\"-getHeaderMargin()\">\n      <ngb-datepicker-navigation *ngIf=\"navigation !== 'none'\"\n        [date]=\"model.firstDate\"\n        [minDate]=\"model.minDate\"\n        [maxDate]=\"model.maxDate\"\n        [months]=\"model.months.length\"\n        [disabled]=\"model.disabled\"\n        [showWeekNumbers]=\"showWeekNumbers\"\n        [showSelect]=\"navigation === 'select'\"\n        (navigate)=\"onNavigateEvent($event)\"\n        (select)=\"onNavigateDateSelect($event)\">\n      </ngb-datepicker-navigation>\n    </div>\n\n    <div class=\"ngb-dp-months d-flex px-1 pb-1\">\n      <ng-template ngFor let-month [ngForOf]=\"model.months\" let-i=\"index\">\n        <div class=\"ngb-dp-month d-block ml-3\">\n          <div *ngIf=\"navigation !== 'select' || displayMonths > 1\" class=\"ngb-dp-month-name text-center\">\n            {{ i18n.getMonthFullName(month.number) }} {{ month.year }}\n          </div>\n          <ngb-datepicker-month-view\n            [month]=\"month\"\n            [dayTemplate]=\"dayTemplate || dt\"\n            [showWeekdays]=\"showWeekdays\"\n            [showWeekNumbers]=\"showWeekNumbers\"\n            [outsideDays]=\"(displayMonths === 1 ? outsideDays : 'hidden')\"\n            (select)=\"onDateSelect($event)\">\n          </ngb-datepicker-month-view>\n        </div>\n      </ng-template>\n    </div>\n  ","providers":[{"provide":{"__symbolic":"reference","module":"@angular/forms","name":"NG_VALUE_ACCESSOR"},"useExisting":{"__symbolic":"reference","name":"NgbDatepicker"},"multi":true},{"__symbolic":"reference","module":"./datepicker-service","name":"NgbDatepickerService"},{"__symbolic":"reference","module":"./datepicker-keymap-service","name":"NgbDatepickerKeyMapService"}]}]}],"members":{"dayTemplate":[{"__symbolic":"property","decorators":[{"__symbolic":"call","expression":{"__symbolic":"reference","module":"@angular/core","name":"Input"}}]}],"displayMonths":[{"__symbolic":"property","decorators":[{"__symbolic":"call","expression":{"__symbolic":"reference","module":"@angular/core","name":"Input"}}]}],"firstDayOfWeek":[{"__symbolic":"property","decorators":[{"__symbolic":"call","expression":{"__symbolic":"reference","module":"@angular/core","name":"Input"}}]}],"markDisabled":[{"__symbolic":"property","decorators":[{"__symbolic":"call","expression":{"__symbolic":"reference","module":"@angular/core","name":"Input"}}]}],"maxDate":[{"__symbolic":"property","decorators":[{"__symbolic":"call","expression":{"__symbolic":"reference","module":"@angular/core","name":"Input"}}]}],"minDate":[{"__symbolic":"property","decorators":[{"__symbolic":"call","expression":{"__symbolic":"reference","module":"@angular/core","name":"Input"}}]}],"navigation":[{"__symbolic":"property","decorators":[{"__symbolic":"call","expression":{"__symbolic":"reference","module":"@angular/core","name":"Input"}}]}],"outsideDays":[{"__symbolic":"property","decorators":[{"__symbolic":"call","expression":{"__symbolic":"reference","module":"@angular/core","name":"Input"}}]}],"showWeekdays":[{"__symbolic":"property","decorators":[{"__symbolic":"call","expression":{"__symbolic":"reference","module":"@angular/core","name":"Input"}}]}],"showWeekNumbers":[{"__symbolic":"property","decorators":[{"__symbolic":"call","expression":{"__symbolic":"reference","module":"@angular/core","name":"Input"}}]}],"startDate":[{"__symbolic":"property","decorators":[{"__symbolic":"call","expression":{"__symbolic":"reference","module":"@angular/core","name":"Input"}}]}],"navigate":[{"__symbolic":"property","decorators":[{"__symbolic":"call","expression":{"__symbolic":"reference","module":"@angular/core","name":"Output"}}]}],"__ctor__":[{"__symbolic":"constructor","parameters":[{"__symbolic":"reference","module":"./datepicker-keymap-service","name":"NgbDatepickerKeyMapService"},{"__symbolic":"reference","module":"./datepicker-service","name":"NgbDatepickerService"},{"__symbolic":"reference","module":"./ngb-calendar","name":"NgbCalendar"},{"__symbolic":"reference","module":"./datepicker-i18n","name":"NgbDatepickerI18n"},{"__symbolic":"reference","module":"./datepicker-config","name":"NgbDatepickerConfig"},{"__symbolic":"reference","module":"@angular/core","name":"ChangeDetectorRef"},{"__symbolic":"reference","module":"@angular/core","name":"ElementRef"}]}],"focus":[{"__symbolic":"method"}],"getHeaderHeight":[{"__symbolic":"method"}],"getHeaderMargin":[{"__symbolic":"method"}],"navigateTo":[{"__symbolic":"method"}],"ngOnDestroy":[{"__symbolic":"method"}],"ngOnInit":[{"__symbolic":"method"}],"ngOnChanges":[{"__symbolic":"method"}],"onDateSelect":[{"__symbolic":"method"}],"onKeyDown":[{"__symbolic":"method"}],"onNavigateDateSelect":[{"__symbolic":"method"}],"onNavigateEvent":[{"__symbolic":"method"}],"registerOnChange":[{"__symbolic":"method"}],"registerOnTouched":[{"__symbolic":"method"}],"setDisabledState":[{"__symbolic":"method"}],"showFocus":[{"__symbolic":"method"}],"writeValue":[{"__symbolic":"method"}],"_setDates":[{"__symbolic":"method"}]}}}},{"__symbolic":"module","version":1,"metadata":{"NgbDatepickerNavigateEvent":{"__symbolic":"interface"},"NgbDatepicker":{"__symbolic":"class","decorators":[{"__symbolic":"call","expression":{"__symbolic":"reference","module":"@angular/core","name":"Component"},"arguments":[{"exportAs":"ngbDatepicker","selector":"ngb-datepicker","changeDetection":{"__symbolic":"select","expression":{"__symbolic":"reference","module":"@angular/core","name":"ChangeDetectionStrategy"},"member":"OnPush"},"host":{"class":"d-inline-block rounded","tabindex":"0","[attr.tabindex]":"model.disabled ? undefined : \"0\"","(blur)":"showFocus(false)","(focus)":"showFocus(true)","(keydown)":"onKeyDown($event)"},"styles":["\n    :host {\n      border: 1px solid rgba(0, 0, 0, 0.125);\n    }\n    .ngb-dp-header {\n      border-bottom: 1px solid rgba(0, 0, 0, 0.125);\n    }\n    .ngb-dp-month {\n      pointer-events: none;\n    }\n    ngb-datepicker-month-view {\n      pointer-events: auto;\n    }\n    .ngb-dp-month:first-child {\n      margin-left: 0 !important;\n    }\n    .ngb-dp-month-name {\n      font-size: larger;\n      height: 2rem;\n      line-height: 2rem;\n    }\n  "],"template":"\n    <ng-template #dt let-date=\"date\" let-currentMonth=\"currentMonth\" let-selected=\"selected\" let-disabled=\"disabled\" let-focused=\"focused\">\n      <div ngbDatepickerDayView\n        [date]=\"date\"\n        [currentMonth]=\"currentMonth\"\n        [selected]=\"selected\"\n        [disabled]=\"disabled\"\n        [focused]=\"focused\">\n      </div>\n    </ng-template>\n\n    <div class=\"ngb-dp-header bg-light pt-1 rounded-top\" [style.height.rem]=\"getHeaderHeight()\"\n         [style.marginBottom.rem]=\"-getHeaderMargin()\">\n      <ngb-datepicker-navigation *ngIf=\"navigation !== 'none'\"\n        [date]=\"model.firstDate\"\n        [minDate]=\"model.minDate\"\n        [maxDate]=\"model.maxDate\"\n        [months]=\"model.months.length\"\n        [disabled]=\"model.disabled\"\n        [showWeekNumbers]=\"showWeekNumbers\"\n        [showSelect]=\"navigation === 'select'\"\n        (navigate)=\"onNavigateEvent($event)\"\n        (select)=\"onNavigateDateSelect($event)\">\n      </ngb-datepicker-navigation>\n    </div>\n\n    <div class=\"ngb-dp-months d-flex px-1 pb-1\">\n      <ng-template ngFor let-month [ngForOf]=\"model.months\" let-i=\"index\">\n        <div class=\"ngb-dp-month d-block ml-3\">\n          <div *ngIf=\"navigation !== 'select' || displayMonths > 1\" class=\"ngb-dp-month-name text-center\">\n            {{ i18n.getMonthFullName(month.number) }} {{ month.year }}\n          </div>\n          <ngb-datepicker-month-view\n            [month]=\"month\"\n            [dayTemplate]=\"dayTemplate || dt\"\n            [showWeekdays]=\"showWeekdays\"\n            [showWeekNumbers]=\"showWeekNumbers\"\n            [outsideDays]=\"(displayMonths === 1 ? outsideDays : 'hidden')\"\n            (select)=\"onDateSelect($event)\">\n          </ngb-datepicker-month-view>\n        </div>\n      </ng-template>\n    </div>\n  ","providers":[{"provide":{"__symbolic":"reference","module":"@angular/forms","name":"NG_VALUE_ACCESSOR"},"useExisting":{"__symbolic":"reference","name":"NgbDatepicker"},"multi":true},{"__symbolic":"reference","module":"./datepicker-service","name":"NgbDatepickerService"},{"__symbolic":"reference","module":"./datepicker-keymap-service","name":"NgbDatepickerKeyMapService"}]}]}],"members":{"dayTemplate":[{"__symbolic":"property","decorators":[{"__symbolic":"call","expression":{"__symbolic":"reference","module":"@angular/core","name":"Input"}}]}],"displayMonths":[{"__symbolic":"property","decorators":[{"__symbolic":"call","expression":{"__symbolic":"reference","module":"@angular/core","name":"Input"}}]}],"firstDayOfWeek":[{"__symbolic":"property","decorators":[{"__symbolic":"call","expression":{"__symbolic":"reference","module":"@angular/core","name":"Input"}}]}],"markDisabled":[{"__symbolic":"property","decorators":[{"__symbolic":"call","expression":{"__symbolic":"reference","module":"@angular/core","name":"Input"}}]}],"maxDate":[{"__symbolic":"property","decorators":[{"__symbolic":"call","expression":{"__symbolic":"reference","module":"@angular/core","name":"Input"}}]}],"minDate":[{"__symbolic":"property","decorators":[{"__symbolic":"call","expression":{"__symbolic":"reference","module":"@angular/core","name":"Input"}}]}],"navigation":[{"__symbolic":"property","decorators":[{"__symbolic":"call","expression":{"__symbolic":"reference","module":"@angular/core","name":"Input"}}]}],"outsideDays":[{"__symbolic":"property","decorators":[{"__symbolic":"call","expression":{"__symbolic":"reference","module":"@angular/core","name":"Input"}}]}],"showWeekdays":[{"__symbolic":"property","decorators":[{"__symbolic":"call","expression":{"__symbolic":"reference","module":"@angular/core","name":"Input"}}]}],"showWeekNumbers":[{"__symbolic":"property","decorators":[{"__symbolic":"call","expression":{"__symbolic":"reference","module":"@angular/core","name":"Input"}}]}],"startDate":[{"__symbolic":"property","decorators":[{"__symbolic":"call","expression":{"__symbolic":"reference","module":"@angular/core","name":"Input"}}]}],"navigate":[{"__symbolic":"property","decorators":[{"__symbolic":"call","expression":{"__symbolic":"reference","module":"@angular/core","name":"Output"}}]}],"__ctor__":[{"__symbolic":"constructor","parameters":[{"__symbolic":"reference","module":"./datepicker-keymap-service","name":"NgbDatepickerKeyMapService"},{"__symbolic":"reference","module":"./datepicker-service","name":"NgbDatepickerService"},{"__symbolic":"reference","module":"./ngb-calendar","name":"NgbCalendar"},{"__symbolic":"reference","module":"./datepicker-i18n","name":"NgbDatepickerI18n"},{"__symbolic":"reference","module":"./datepicker-config","name":"NgbDatepickerConfig"},{"__symbolic":"reference","module":"@angular/core","name":"ChangeDetectorRef"},{"__symbolic":"reference","module":"@angular/core","name":"ElementRef"}]}],"focus":[{"__symbolic":"method"}],"getHeaderHeight":[{"__symbolic":"method"}],"getHeaderMargin":[{"__symbolic":"method"}],"navigateTo":[{"__symbolic":"method"}],"ngOnDestroy":[{"__symbolic":"method"}],"ngOnInit":[{"__symbolic":"method"}],"ngOnChanges":[{"__symbolic":"method"}],"onDateSelect":[{"__symbolic":"method"}],"onKeyDown":[{"__symbolic":"method"}],"onNavigateDateSelect":[{"__symbolic":"method"}],"onNavigateEvent":[{"__symbolic":"method"}],"registerOnChange":[{"__symbolic":"method"}],"registerOnTouched":[{"__symbolic":"method"}],"setDisabledState":[{"__symbolic":"method"}],"showFocus":[{"__symbolic":"method"}],"writeValue":[{"__symbolic":"method"}],"_setDates":[{"__symbolic":"method"}]}}}}]