[{"__symbolic":"module","version":3,"metadata":{"NgbDateParserFormatter":{"__symbolic":"class","members":{"parse":[{"__symbolic":"method"}],"format":[{"__symbolic":"method"}]}},"NgbDateISOParserFormatter":{"__symbolic":"class","extends":{"__symbolic":"reference","name":"NgbDateParserFormatter"},"members":{"parse":[{"__symbolic":"method"}],"format":[{"__symbolic":"method"}]}}}},{"__symbolic":"module","version":1,"metadata":{"NgbDateParserFormatter":{"__symbolic":"class","members":{"parse":[{"__symbolic":"method"}],"format":[{"__symbolic":"method"}]}},"NgbDateISOParserFormatter":{"__symbolic":"class","extends":{"__symbolic":"reference","name":"NgbDateParserFormatter"},"members":{"parse":[{"__symbolic":"method"}],"format":[{"__symbolic":"method"}]}}}}]