[{"__symbolic":"module","version":3,"metadata":{"NgbCalendar":{"__symbolic":"class","decorators":[{"__symbolic":"call","expression":{"__symbolic":"reference","module":"@angular/core","name":"Injectable"}}],"members":{"getDaysPerWeek":[{"__symbolic":"method"}],"getMonths":[{"__symbolic":"method"}],"getWeeksPerMonth":[{"__symbolic":"method"}],"getWeekday":[{"__symbolic":"method"}],"getNext":[{"__symbolic":"method"}],"getPrev":[{"__symbolic":"method"}],"getWeekNumber":[{"__symbolic":"method"}],"getToday":[{"__symbolic":"method"}],"isValid":[{"__symbolic":"method"}]}},"NgbCalendarGregorian":{"__symbolic":"class","extends":{"__symbolic":"reference","name":"NgbCalendar"},"decorators":[{"__symbolic":"call","expression":{"__symbolic":"reference","module":"@angular/core","name":"Injectable"}}],"members":{"getDaysPerWeek":[{"__symbolic":"method"}],"getMonths":[{"__symbolic":"method"}],"getWeeksPerMonth":[{"__symbolic":"method"}],"getNext":[{"__symbolic":"method"}],"getPrev":[{"__symbolic":"method"}],"getWeekday":[{"__symbolic":"method"}],"getWeekNumber":[{"__symbolic":"method"}],"getToday":[{"__symbolic":"method"}],"isValid":[{"__symbolic":"method"}]}}}},{"__symbolic":"module","version":1,"metadata":{"NgbCalendar":{"__symbolic":"class","decorators":[{"__symbolic":"call","expression":{"__symbolic":"reference","module":"@angular/core","name":"Injectable"}}],"members":{"getDaysPerWeek":[{"__symbolic":"method"}],"getMonths":[{"__symbolic":"method"}],"getWeeksPerMonth":[{"__symbolic":"method"}],"getWeekday":[{"__symbolic":"method"}],"getNext":[{"__symbolic":"method"}],"getPrev":[{"__symbolic":"method"}],"getWeekNumber":[{"__symbolic":"method"}],"getToday":[{"__symbolic":"method"}],"isValid":[{"__symbolic":"method"}]}},"NgbCalendarGregorian":{"__symbolic":"class","extends":{"__symbolic":"reference","name":"NgbCalendar"},"decorators":[{"__symbolic":"call","expression":{"__symbolic":"reference","module":"@angular/core","name":"Injectable"}}],"members":{"getDaysPerWeek":[{"__symbolic":"method"}],"getMonths":[{"__symbolic":"method"}],"getWeeksPerMonth":[{"__symbolic":"method"}],"getNext":[{"__symbolic":"method"}],"getPrev":[{"__symbolic":"method"}],"getWeekday":[{"__symbolic":"method"}],"getWeekNumber":[{"__symbolic":"method"}],"getToday":[{"__symbolic":"method"}],"isValid":[{"__symbolic":"method"}]}}}}]