[{"__symbolic":"module","version":3,"metadata":{"NgbTooltipModule":{"__symbolic":"class","decorators":[{"__symbolic":"call","expression":{"__symbolic":"reference","module":"@angular/core","name":"NgModule"},"arguments":[{"declarations":[{"__symbolic":"reference","module":"./tooltip","name":"NgbTooltip"},{"__symbolic":"reference","module":"./tooltip","name":"NgbTooltipWindow"}],"exports":[{"__symbolic":"reference","module":"./tooltip","name":"NgbTooltip"}],"entryComponents":[{"__symbolic":"reference","module":"./tooltip","name":"NgbTooltipWindow"}]}]}],"statics":{"forRoot":{"__symbolic":"function","parameters":[],"value":{"ngModule":{"__symbolic":"reference","name":"NgbTooltipModule"},"providers":[{"__symbolic":"reference","module":"./tooltip-config","name":"NgbTooltipConfig"}]}}}}},"exports":[{"from":"./tooltip-config","export":["NgbTooltipConfig"]},{"from":"./tooltip","export":["NgbTooltip"]},{"from":"../util/positioning","export":["Placement"]}]},{"__symbolic":"module","version":1,"metadata":{"NgbTooltipModule":{"__symbolic":"class","decorators":[{"__symbolic":"call","expression":{"__symbolic":"reference","module":"@angular/core","name":"NgModule"},"arguments":[{"declarations":[{"__symbolic":"reference","module":"./tooltip","name":"NgbTooltip"},{"__symbolic":"reference","module":"./tooltip","name":"NgbTooltipWindow"}],"exports":[{"__symbolic":"reference","module":"./tooltip","name":"NgbTooltip"}],"entryComponents":[{"__symbolic":"reference","module":"./tooltip","name":"NgbTooltipWindow"}]}]}],"statics":{"forRoot":{"__symbolic":"function","parameters":[],"value":{"ngModule":{"__symbolic":"reference","name":"NgbTooltipModule"},"providers":[{"__symbolic":"reference","module":"./tooltip-config","name":"NgbTooltipConfig"}]}}}}},"exports":[{"from":"./tooltip-config","export":["NgbTooltipConfig"]},{"from":"./tooltip","export":["NgbTooltip"]},{"from":"../util/positioning","export":["Placement"]}]}]