[{"__symbolic":"module","version":3,"metadata":{"NgbRatingModule":{"__symbolic":"class","decorators":[{"__symbolic":"call","expression":{"__symbolic":"reference","module":"@angular/core","name":"NgModule"},"arguments":[{"declarations":[{"__symbolic":"reference","module":"./rating","name":"NgbRating"}],"exports":[{"__symbolic":"reference","module":"./rating","name":"NgbRating"}],"imports":[{"__symbolic":"reference","module":"@angular/common","name":"CommonModule"}]}]}],"statics":{"forRoot":{"__symbolic":"function","parameters":[],"value":{"ngModule":{"__symbolic":"reference","name":"NgbRatingModule"},"providers":[{"__symbolic":"reference","module":"./rating-config","name":"NgbRatingConfig"}]}}}}},"exports":[{"from":"./rating","export":["NgbRating"]},{"from":"./rating-config","export":["NgbRatingConfig"]}]},{"__symbolic":"module","version":1,"metadata":{"NgbRatingModule":{"__symbolic":"class","decorators":[{"__symbolic":"call","expression":{"__symbolic":"reference","module":"@angular/core","name":"NgModule"},"arguments":[{"declarations":[{"__symbolic":"reference","module":"./rating","name":"NgbRating"}],"exports":[{"__symbolic":"reference","module":"./rating","name":"NgbRating"}],"imports":[{"__symbolic":"reference","module":"@angular/common","name":"CommonModule"}]}]}],"statics":{"forRoot":{"__symbolic":"function","parameters":[],"value":{"ngModule":{"__symbolic":"reference","name":"NgbRatingModule"},"providers":[{"__symbolic":"reference","module":"./rating-config","name":"NgbRatingConfig"}]}}}}},"exports":[{"from":"./rating","export":["NgbRating"]},{"from":"./rating-config","export":["NgbRatingConfig"]}]}]