{
  "$schema": "./node_modules/@angular/cli/lib/config/schema.json",
  "project": {
    "name": "vcux-consumer"
  },
  "apps": [
    {
      "root": "src",
      "outDir": "dist",
      "assets": [
        "assets",
        "testdata",
        "favicon.ico",
        "resources"
      ],
      "index": "index.html",
      "main": "main.ts",
      "polyfills": "polyfills.ts",
      "test": "test.ts",
      "tsconfig": "tsconfig.app.json",
      "testTsconfig": "tsconfig.spec.json",
      "prefix": "",
      "styles": [
        "styles.css",
        "../node_modules/bootstrap/dist/css/bootstrap.css",
        "../node_modules/font-awesome/css/font-awesome.css",
        "../node_modules/vc-ux/lib/assets/styles/index.css",
        "../node_modules/ag-grid/dist/styles/ag-grid.css"
      ],
      "addons": [ "../node_modules/font-awesome/fonts/*.+(otf|eot|svg|ttf|woff|woff2)" ],
      "scripts": [],
      "environmentSource": "environments/environment.ts",
      "environments": {
        "dev": "environments/environment.ts",
        "prod": "environments/environment.prod.ts"
      }
    }
  ],
  "e2e": {
    "protractor": {
      "config": "./protractor.conf.js"
    }
  },
  "lint": [
    {
      "project": "src/tsconfig.app.json"
    },
    {
      "project": "src/tsconfig.spec.json"
    },
    {
      "project": "e2e/tsconfig.e2e.json"
    }
  ],
  "test": {
    "karma": {
      "config": "./karma.conf.js"
    }
  },
  "defaults": {
    "styleExt": "css",
    "component": {},
    "serve": {
      "port": 5000,
      "host": "localhost"
    }
  }
}
