[{"__symbolic":"module","version":3,"metadata":{"NgbCarouselModule":{"__symbolic":"class","decorators":[{"__symbolic":"call","expression":{"__symbolic":"reference","module":"@angular/core","name":"NgModule"},"arguments":[{"declarations":{"__symbolic":"reference","module":"./carousel","name":"NGB_CAROUSEL_DIRECTIVES"},"exports":{"__symbolic":"reference","module":"./carousel","name":"NGB_CAROUSEL_DIRECTIVES"},"imports":[{"__symbolic":"reference","module":"@angular/common","name":"CommonModule"}]}]}],"statics":{"forRoot":{"__symbolic":"function","parameters":[],"value":{"ngModule":{"__symbolic":"reference","name":"NgbCarouselModule"},"providers":[{"__symbolic":"reference","module":"./carousel-config","name":"NgbCarouselConfig"}]}}}}},"exports":[{"from":"./carousel","export":["NgbCarousel","NgbSlide","NgbSlideEvent"]},{"from":"./carousel-config","export":["NgbCarouselConfig"]}]},{"__symbolic":"module","version":1,"metadata":{"NgbCarouselModule":{"__symbolic":"class","decorators":[{"__symbolic":"call","expression":{"__symbolic":"reference","module":"@angular/core","name":"NgModule"},"arguments":[{"declarations":{"__symbolic":"reference","module":"./carousel","name":"NGB_CAROUSEL_DIRECTIVES"},"exports":{"__symbolic":"reference","module":"./carousel","name":"NGB_CAROUSEL_DIRECTIVES"},"imports":[{"__symbolic":"reference","module":"@angular/common","name":"CommonModule"}]}]}],"statics":{"forRoot":{"__symbolic":"function","parameters":[],"value":{"ngModule":{"__symbolic":"reference","name":"NgbCarouselModule"},"providers":[{"__symbolic":"reference","module":"./carousel-config","name":"NgbCarouselConfig"}]}}}}},"exports":[{"from":"./carousel","export":["NgbCarousel","NgbSlide","NgbSlideEvent"]},{"from":"./carousel-config","export":["NgbCarouselConfig"]}]}]