[{"__symbolic":"module","version":3,"metadata":{"NgbDropdownMenu":{"__symbolic":"class","decorators":[{"__symbolic":"call","expression":{"__symbolic":"reference","module":"@angular/core","name":"Directive"},"arguments":[{"selector":"[ngbDropdownMenu]","host":{"[class.dropdown-menu]":"true","[class.show]":"dropdown.isOpen()","$quoted$":["[class.dropdown-menu]","[class.show]"]}}]}],"members":{"__ctor__":[{"__symbolic":"constructor","parameterDecorators":[[{"__symbolic":"call","expression":{"__symbolic":"reference","module":"@angular/core","name":"Inject"},"arguments":[{"__symbolic":"reference","name":"NgbDropdown"}]}],null,null],"parameters":[null,{"__symbolic":"reference","module":"@angular/core","name":"ElementRef"},{"__symbolic":"reference","module":"@angular/core","name":"Renderer2"}]}],"isEventFrom":[{"__symbolic":"method"}],"position":[{"__symbolic":"method"}],"applyPlacement":[{"__symbolic":"method"}]}},"NgbDropdownToggle":{"__symbolic":"class","decorators":[{"__symbolic":"call","expression":{"__symbolic":"reference","module":"@angular/core","name":"Directive"},"arguments":[{"selector":"[ngbDropdownToggle]","host":{"class":"dropdown-toggle","aria-haspopup":"true","[attr.aria-expanded]":"dropdown.isOpen()","(click)":"toggleOpen()","$quoted$":["class","aria-haspopup","[attr.aria-expanded]","(click)"]}}]}],"members":{"__ctor__":[{"__symbolic":"constructor","parameterDecorators":[[{"__symbolic":"call","expression":{"__symbolic":"reference","module":"@angular/core","name":"Inject"},"arguments":[{"__symbolic":"reference","name":"NgbDropdown"}]}],null],"parameters":[null,{"__symbolic":"reference","module":"@angular/core","name":"ElementRef"}]}],"toggleOpen":[{"__symbolic":"method"}],"isEventFrom":[{"__symbolic":"method"}]}},"NgbDropdown":{"__symbolic":"class","decorators":[{"__symbolic":"call","expression":{"__symbolic":"reference","module":"@angular/core","name":"Directive"},"arguments":[{"selector":"[ngbDropdown]","exportAs":"ngbDropdown","host":{"[class.show]":"isOpen()","(keyup.esc)":"closeFromOutsideEsc()","(document:click)":"closeFromClick($event)","$quoted$":["[class.show]","(keyup.esc)","(document:click)"]}}]}],"members":{"_menu":[{"__symbolic":"property","decorators":[{"__symbolic":"call","expression":{"__symbolic":"reference","module":"@angular/core","name":"ContentChild"},"arguments":[{"__symbolic":"reference","name":"NgbDropdownMenu"}]}]}],"_toggle":[{"__symbolic":"property","decorators":[{"__symbolic":"call","expression":{"__symbolic":"reference","module":"@angular/core","name":"ContentChild"},"arguments":[{"__symbolic":"reference","name":"NgbDropdownToggle"}]}]}],"autoClose":[{"__symbolic":"property","decorators":[{"__symbolic":"call","expression":{"__symbolic":"reference","module":"@angular/core","name":"Input"}}]}],"_open":[{"__symbolic":"property","decorators":[{"__symbolic":"call","expression":{"__symbolic":"reference","module":"@angular/core","name":"Input"},"arguments":["open"]}]}],"placement":[{"__symbolic":"property","decorators":[{"__symbolic":"call","expression":{"__symbolic":"reference","module":"@angular/core","name":"Input"}}]}],"openChange":[{"__symbolic":"property","decorators":[{"__symbolic":"call","expression":{"__symbolic":"reference","module":"@angular/core","name":"Output"}}]}],"__ctor__":[{"__symbolic":"constructor","parameters":[{"__symbolic":"reference","module":"./dropdown-config","name":"NgbDropdownConfig"},{"__symbolic":"reference","module":"@angular/core","name":"NgZone"}]}],"ngOnInit":[{"__symbolic":"method"}],"isOpen":[{"__symbolic":"method"}],"open":[{"__symbolic":"method"}],"close":[{"__symbolic":"method"}],"toggle":[{"__symbolic":"method"}],"closeFromClick":[{"__symbolic":"method"}],"closeFromOutsideEsc":[{"__symbolic":"method"}],"ngOnDestroy":[{"__symbolic":"method"}],"_isEventFromToggle":[{"__symbolic":"method"}],"_isEventFromMenu":[{"__symbolic":"method"}],"_positionMenu":[{"__symbolic":"method"}]}}}},{"__symbolic":"module","version":1,"metadata":{"NgbDropdownMenu":{"__symbolic":"class","decorators":[{"__symbolic":"call","expression":{"__symbolic":"reference","module":"@angular/core","name":"Directive"},"arguments":[{"selector":"[ngbDropdownMenu]","host":{"[class.dropdown-menu]":"true","[class.show]":"dropdown.isOpen()"}}]}],"members":{"__ctor__":[{"__symbolic":"constructor","parameterDecorators":[[{"__symbolic":"call","expression":{"__symbolic":"reference","module":"@angular/core","name":"Inject"},"arguments":[{"__symbolic":"reference","name":"NgbDropdown"}]}],null,null],"parameters":[null,{"__symbolic":"reference","module":"@angular/core","name":"ElementRef"},{"__symbolic":"reference","module":"@angular/core","name":"Renderer2"}]}],"isEventFrom":[{"__symbolic":"method"}],"position":[{"__symbolic":"method"}],"applyPlacement":[{"__symbolic":"method"}]}},"NgbDropdownToggle":{"__symbolic":"class","decorators":[{"__symbolic":"call","expression":{"__symbolic":"reference","module":"@angular/core","name":"Directive"},"arguments":[{"selector":"[ngbDropdownToggle]","host":{"class":"dropdown-toggle","aria-haspopup":"true","[attr.aria-expanded]":"dropdown.isOpen()","(click)":"toggleOpen()"}}]}],"members":{"__ctor__":[{"__symbolic":"constructor","parameterDecorators":[[{"__symbolic":"call","expression":{"__symbolic":"reference","module":"@angular/core","name":"Inject"},"arguments":[{"__symbolic":"reference","name":"NgbDropdown"}]}],null],"parameters":[null,{"__symbolic":"reference","module":"@angular/core","name":"ElementRef"}]}],"toggleOpen":[{"__symbolic":"method"}],"isEventFrom":[{"__symbolic":"method"}]}},"NgbDropdown":{"__symbolic":"class","decorators":[{"__symbolic":"call","expression":{"__symbolic":"reference","module":"@angular/core","name":"Directive"},"arguments":[{"selector":"[ngbDropdown]","exportAs":"ngbDropdown","host":{"[class.show]":"isOpen()","(keyup.esc)":"closeFromOutsideEsc()","(document:click)":"closeFromClick($event)"}}]}],"members":{"_menu":[{"__symbolic":"property","decorators":[{"__symbolic":"call","expression":{"__symbolic":"reference","module":"@angular/core","name":"ContentChild"},"arguments":[{"__symbolic":"reference","name":"NgbDropdownMenu"}]}]}],"_toggle":[{"__symbolic":"property","decorators":[{"__symbolic":"call","expression":{"__symbolic":"reference","module":"@angular/core","name":"ContentChild"},"arguments":[{"__symbolic":"reference","name":"NgbDropdownToggle"}]}]}],"autoClose":[{"__symbolic":"property","decorators":[{"__symbolic":"call","expression":{"__symbolic":"reference","module":"@angular/core","name":"Input"}}]}],"_open":[{"__symbolic":"property","decorators":[{"__symbolic":"call","expression":{"__symbolic":"reference","module":"@angular/core","name":"Input"},"arguments":["open"]}]}],"placement":[{"__symbolic":"property","decorators":[{"__symbolic":"call","expression":{"__symbolic":"reference","module":"@angular/core","name":"Input"}}]}],"openChange":[{"__symbolic":"property","decorators":[{"__symbolic":"call","expression":{"__symbolic":"reference","module":"@angular/core","name":"Output"}}]}],"__ctor__":[{"__symbolic":"constructor","parameters":[{"__symbolic":"reference","module":"./dropdown-config","name":"NgbDropdownConfig"},{"__symbolic":"reference","module":"@angular/core","name":"NgZone"}]}],"ngOnInit":[{"__symbolic":"method"}],"isOpen":[{"__symbolic":"method"}],"open":[{"__symbolic":"method"}],"close":[{"__symbolic":"method"}],"toggle":[{"__symbolic":"method"}],"closeFromClick":[{"__symbolic":"method"}],"closeFromOutsideEsc":[{"__symbolic":"method"}],"ngOnDestroy":[{"__symbolic":"method"}],"_isEventFromToggle":[{"__symbolic":"method"}],"_isEventFromMenu":[{"__symbolic":"method"}],"_positionMenu":[{"__symbolic":"method"}]}}}}]