[{"__symbolic":"module","version":3,"metadata":{"NgbDropdownModule":{"__symbolic":"class","decorators":[{"__symbolic":"call","expression":{"__symbolic":"reference","module":"@angular/core","name":"NgModule"},"arguments":[{"declarations":[{"__symbolic":"reference","module":"./dropdown","name":"NgbDropdown"},{"__symbolic":"reference","module":"./dropdown","name":"NgbDropdownToggle"},{"__symbolic":"reference","module":"./dropdown","name":"NgbDropdownMenu"}],"exports":[{"__symbolic":"reference","module":"./dropdown","name":"NgbDropdown"},{"__symbolic":"reference","module":"./dropdown","name":"NgbDropdownToggle"},{"__symbolic":"reference","module":"./dropdown","name":"NgbDropdownMenu"}]}]}],"statics":{"forRoot":{"__symbolic":"function","parameters":[],"value":{"ngModule":{"__symbolic":"reference","name":"NgbDropdownModule"},"providers":[{"__symbolic":"reference","module":"./dropdown-config","name":"NgbDropdownConfig"}]}}}}},"exports":[{"from":"./dropdown","export":["NgbDropdown","NgbDropdownToggle","NgbDropdownMenu"]},{"from":"./dropdown-config","export":["NgbDropdownConfig"]}]},{"__symbolic":"module","version":1,"metadata":{"NgbDropdownModule":{"__symbolic":"class","decorators":[{"__symbolic":"call","expression":{"__symbolic":"reference","module":"@angular/core","name":"NgModule"},"arguments":[{"declarations":[{"__symbolic":"reference","module":"./dropdown","name":"NgbDropdown"},{"__symbolic":"reference","module":"./dropdown","name":"NgbDropdownToggle"},{"__symbolic":"reference","module":"./dropdown","name":"NgbDropdownMenu"}],"exports":[{"__symbolic":"reference","module":"./dropdown","name":"NgbDropdown"},{"__symbolic":"reference","module":"./dropdown","name":"NgbDropdownToggle"},{"__symbolic":"reference","module":"./dropdown","name":"NgbDropdownMenu"}]}]}],"statics":{"forRoot":{"__symbolic":"function","parameters":[],"value":{"ngModule":{"__symbolic":"reference","name":"NgbDropdownModule"},"providers":[{"__symbolic":"reference","module":"./dropdown-config","name":"NgbDropdownConfig"}]}}}}},"exports":[{"from":"./dropdown","export":["NgbDropdown","NgbDropdownToggle","NgbDropdownMenu"]},{"from":"./dropdown-config","export":["NgbDropdownConfig"]}]}]