[{"__symbolic":"module","version":3,"metadata":{"NgbPaginationModule":{"__symbolic":"class","decorators":[{"__symbolic":"call","expression":{"__symbolic":"reference","module":"@angular/core","name":"NgModule"},"arguments":[{"declarations":[{"__symbolic":"reference","module":"./pagination","name":"NgbPagination"}],"exports":[{"__symbolic":"reference","module":"./pagination","name":"NgbPagination"}],"imports":[{"__symbolic":"reference","module":"@angular/common","name":"CommonModule"}]}]}],"statics":{"forRoot":{"__symbolic":"function","parameters":[],"value":{"ngModule":{"__symbolic":"reference","name":"NgbPaginationModule"},"providers":[{"__symbolic":"reference","module":"./pagination-config","name":"NgbPaginationConfig"}]}}}}},"exports":[{"from":"./pagination","export":["NgbPagination"]},{"from":"./pagination-config","export":["NgbPaginationConfig"]}]},{"__symbolic":"module","version":1,"metadata":{"NgbPaginationModule":{"__symbolic":"class","decorators":[{"__symbolic":"call","expression":{"__symbolic":"reference","module":"@angular/core","name":"NgModule"},"arguments":[{"declarations":[{"__symbolic":"reference","module":"./pagination","name":"NgbPagination"}],"exports":[{"__symbolic":"reference","module":"./pagination","name":"NgbPagination"}],"imports":[{"__symbolic":"reference","module":"@angular/common","name":"CommonModule"}]}]}],"statics":{"forRoot":{"__symbolic":"function","parameters":[],"value":{"ngModule":{"__symbolic":"reference","name":"NgbPaginationModule"},"providers":[{"__symbolic":"reference","module":"./pagination-config","name":"NgbPaginationConfig"}]}}}}},"exports":[{"from":"./pagination","export":["NgbPagination"]},{"from":"./pagination-config","export":["NgbPaginationConfig"]}]}]