[{"__symbolic":"module","version":3,"metadata":{"NgbButtonsModule":{"__symbolic":"class","decorators":[{"__symbolic":"call","expression":{"__symbolic":"reference","module":"@angular/core","name":"NgModule"},"arguments":[{"declarations":[{"__symbolic":"reference","module":"./label","name":"NgbButtonLabel"},{"__symbolic":"reference","module":"./checkbox","name":"NgbCheckBox"},{"__symbolic":"reference","module":"./radio","name":"NgbRadioGroup"},{"__symbolic":"reference","module":"./radio","name":"NgbRadio"}],"exports":[{"__symbolic":"reference","module":"./label","name":"NgbButtonLabel"},{"__symbolic":"reference","module":"./checkbox","name":"NgbCheckBox"},{"__symbolic":"reference","module":"./radio","name":"NgbRadioGroup"},{"__symbolic":"reference","module":"./radio","name":"NgbRadio"}]}]}],"statics":{"forRoot":{"__symbolic":"function","parameters":[],"value":{"ngModule":{"__symbolic":"reference","name":"NgbButtonsModule"},"providers":[]}}}}},"exports":[{"from":"./label","export":["NgbButtonLabel"]},{"from":"./checkbox","export":["NgbCheckBox"]},{"from":"./radio","export":["NgbRadio","NgbRadioGroup"]}]},{"__symbolic":"module","version":1,"metadata":{"NgbButtonsModule":{"__symbolic":"class","decorators":[{"__symbolic":"call","expression":{"__symbolic":"reference","module":"@angular/core","name":"NgModule"},"arguments":[{"declarations":[{"__symbolic":"reference","module":"./label","name":"NgbButtonLabel"},{"__symbolic":"reference","module":"./checkbox","name":"NgbCheckBox"},{"__symbolic":"reference","module":"./radio","name":"NgbRadioGroup"},{"__symbolic":"reference","module":"./radio","name":"NgbRadio"}],"exports":[{"__symbolic":"reference","module":"./label","name":"NgbButtonLabel"},{"__symbolic":"reference","module":"./checkbox","name":"NgbCheckBox"},{"__symbolic":"reference","module":"./radio","name":"NgbRadioGroup"},{"__symbolic":"reference","module":"./radio","name":"NgbRadio"}]}]}],"statics":{"forRoot":{"__symbolic":"function","parameters":[],"value":{"ngModule":{"__symbolic":"reference","name":"NgbButtonsModule"},"providers":[]}}}}},"exports":[{"from":"./label","export":["NgbButtonLabel"]},{"from":"./checkbox","export":["NgbCheckBox"]},{"from":"./radio","export":["NgbRadio","NgbRadioGroup"]}]}]