[{"__symbolic":"module","version":3,"metadata":{"NgbButtonLabel":{"__symbolic":"class","decorators":[{"__symbolic":"call","expression":{"__symbolic":"reference","module":"@angular/core","name":"Directive"},"arguments":[{"selector":"[ngbButtonLabel]","host":{"[class.btn]":"true","[class.active]":"active","[class.disabled]":"disabled","[class.focus]":"focused","$quoted$":["[class.btn]","[class.active]","[class.disabled]","[class.focus]"]}}]}]}}},{"__symbolic":"module","version":1,"metadata":{"NgbButtonLabel":{"__symbolic":"class","decorators":[{"__symbolic":"call","expression":{"__symbolic":"reference","module":"@angular/core","name":"Directive"},"arguments":[{"selector":"[ngbButtonLabel]","host":{"[class.btn]":"true","[class.active]":"active","[class.disabled]":"disabled","[class.focus]":"focused"}}]}]}}}]