[{"__symbolic":"module","version":3,"metadata":{"NgbAccordionModule":{"__symbolic":"class","decorators":[{"__symbolic":"call","expression":{"__symbolic":"reference","module":"@angular/core","name":"NgModule"},"arguments":[{"declarations":[{"__symbolic":"reference","module":"./accordion","name":"NgbAccordion"},{"__symbolic":"reference","module":"./accordion","name":"NgbPanel"},{"__symbolic":"reference","module":"./accordion","name":"NgbPanelTitle"},{"__symbolic":"reference","module":"./accordion","name":"NgbPanelContent"}],"exports":[{"__symbolic":"reference","module":"./accordion","name":"NgbAccordion"},{"__symbolic":"reference","module":"./accordion","name":"NgbPanel"},{"__symbolic":"reference","module":"./accordion","name":"NgbPanelTitle"},{"__symbolic":"reference","module":"./accordion","name":"NgbPanelContent"}],"imports":[{"__symbolic":"reference","module":"@angular/common","name":"CommonModule"}]}]}],"statics":{"forRoot":{"__symbolic":"function","parameters":[],"value":{"ngModule":{"__symbolic":"reference","name":"NgbAccordionModule"},"providers":[{"__symbolic":"reference","module":"./accordion-config","name":"NgbAccordionConfig"}]}}}}},"exports":[{"from":"./accordion","export":["NgbAccordion","NgbPanel","NgbPanelTitle","NgbPanelContent","NgbPanelChangeEvent"]},{"from":"./accordion-config","export":["NgbAccordionConfig"]}]},{"__symbolic":"module","version":1,"metadata":{"NgbAccordionModule":{"__symbolic":"class","decorators":[{"__symbolic":"call","expression":{"__symbolic":"reference","module":"@angular/core","name":"NgModule"},"arguments":[{"declarations":[{"__symbolic":"reference","module":"./accordion","name":"NgbAccordion"},{"__symbolic":"reference","module":"./accordion","name":"NgbPanel"},{"__symbolic":"reference","module":"./accordion","name":"NgbPanelTitle"},{"__symbolic":"reference","module":"./accordion","name":"NgbPanelContent"}],"exports":[{"__symbolic":"reference","module":"./accordion","name":"NgbAccordion"},{"__symbolic":"reference","module":"./accordion","name":"NgbPanel"},{"__symbolic":"reference","module":"./accordion","name":"NgbPanelTitle"},{"__symbolic":"reference","module":"./accordion","name":"NgbPanelContent"}],"imports":[{"__symbolic":"reference","module":"@angular/common","name":"CommonModule"}]}]}],"statics":{"forRoot":{"__symbolic":"function","parameters":[],"value":{"ngModule":{"__symbolic":"reference","name":"NgbAccordionModule"},"providers":[{"__symbolic":"reference","module":"./accordion-config","name":"NgbAccordionConfig"}]}}}}},"exports":[{"from":"./accordion","export":["NgbAccordion","NgbPanel","NgbPanelTitle","NgbPanelContent","NgbPanelChangeEvent"]},{"from":"./accordion-config","export":["NgbAccordionConfig"]}]}]