[{"__symbolic":"module","version":3,"metadata":{"NgbActiveModal":{"__symbolic":"class","members":{"close":[{"__symbolic":"method"}],"dismiss":[{"__symbolic":"method"}]}},"NgbModalRef":{"__symbolic":"class","members":{"__ctor__":[{"__symbolic":"constructor","parameters":[{"__symbolic":"reference","module":"@angular/core","name":"ComponentRef","arguments":[{"__symbolic":"reference","module":"./modal-backdrop","name":"NgbModalBackdrop"}]},{"__symbolic":"reference","module":"../util/popup","name":"ContentRef"},{"__symbolic":"reference","module":"@angular/core","name":"ComponentRef","arguments":[{"__symbolic":"reference","module":"./modal-backdrop","name":"NgbModalBackdrop"}]},{"__symbolic":"reference","name":"Function"}]}],"close":[{"__symbolic":"method"}],"dismiss":[{"__symbolic":"method"}],"_removeModalElements":[{"__symbolic":"method"}]}}}},{"__symbolic":"module","version":1,"metadata":{"NgbActiveModal":{"__symbolic":"class","members":{"close":[{"__symbolic":"method"}],"dismiss":[{"__symbolic":"method"}]}},"NgbModalRef":{"__symbolic":"class","members":{"__ctor__":[{"__symbolic":"constructor","parameters":[{"__symbolic":"reference","module":"@angular/core","name":"ComponentRef","arguments":[{"__symbolic":"reference","module":"./modal-backdrop","name":"NgbModalBackdrop"}]},{"__symbolic":"reference","module":"../util/popup","name":"ContentRef"},{"__symbolic":"reference","module":"@angular/core","name":"ComponentRef","arguments":[{"__symbolic":"reference","module":"./modal-backdrop","name":"NgbModalBackdrop"}]},{"__symbolic":"reference","name":"Function"}]}],"close":[{"__symbolic":"method"}],"dismiss":[{"__symbolic":"method"}],"_removeModalElements":[{"__symbolic":"method"}]}}}}]