[{"__symbolic":"module","version":3,"metadata":{"NgbModalOptions":{"__symbolic":"interface"},"NgbModal":{"__symbolic":"class","decorators":[{"__symbolic":"call","expression":{"__symbolic":"reference","module":"@angular/core","name":"Injectable"}}],"members":{"__ctor__":[{"__symbolic":"constructor","parameters":[{"__symbolic":"reference","module":"@angular/core","name":"ComponentFactoryResolver"},{"__symbolic":"reference","module":"@angular/core","name":"Injector"},{"__symbolic":"reference","module":"./modal-stack","name":"NgbModalStack"}]}],"open":[{"__symbolic":"method"}]}}}},{"__symbolic":"module","version":1,"metadata":{"NgbModalOptions":{"__symbolic":"interface"},"NgbModal":{"__symbolic":"class","decorators":[{"__symbolic":"call","expression":{"__symbolic":"reference","module":"@angular/core","name":"Injectable"}}],"members":{"__ctor__":[{"__symbolic":"constructor","parameters":[{"__symbolic":"reference","module":"@angular/core","name":"ComponentFactoryResolver"},{"__symbolic":"reference","module":"@angular/core","name":"Injector"},{"__symbolic":"reference","module":"./modal-stack","name":"NgbModalStack"}]}],"open":[{"__symbolic":"method"}]}}}}]