[{"__symbolic":"module","version":3,"metadata":{"NgbCalendarIslamicCivil":{"__symbolic":"class","extends":{"__symbolic":"reference","module":"./ngb-calendar-hijri","name":"NgbCalendarHijri"},"decorators":[{"__symbolic":"call","expression":{"__symbolic":"reference","module":"@angular/core","name":"Injectable"}}],"members":{"fromGregorian":[{"__symbolic":"method"}],"toGregorian":[{"__symbolic":"method"}],"getDaysInIslamicMonth":[{"__symbolic":"method"}],"getNext":[{"__symbolic":"method"}],"getPrev":[{"__symbolic":"method"}],"getWeekday":[{"__symbolic":"method"}],"getWeekNumber":[{"__symbolic":"method"}],"getToday":[{"__symbolic":"method"}]}}}},{"__symbolic":"module","version":1,"metadata":{"NgbCalendarIslamicCivil":{"__symbolic":"class","extends":{"__symbolic":"reference","module":"./ngb-calendar-hijri","name":"NgbCalendarHijri"},"decorators":[{"__symbolic":"call","expression":{"__symbolic":"reference","module":"@angular/core","name":"Injectable"}}],"members":{"fromGregorian":[{"__symbolic":"method"}],"toGregorian":[{"__symbolic":"method"}],"getDaysInIslamicMonth":[{"__symbolic":"method"}],"getNext":[{"__symbolic":"method"}],"getPrev":[{"__symbolic":"method"}],"getWeekday":[{"__symbolic":"method"}],"getWeekNumber":[{"__symbolic":"method"}],"getToday":[{"__symbolic":"method"}]}}}}]