[{"__symbolic":"module","version":3,"metadata":{"NgbTabsetModule":{"__symbolic":"class","decorators":[{"__symbolic":"call","expression":{"__symbolic":"reference","module":"@angular/core","name":"NgModule"},"arguments":[{"declarations":[{"__symbolic":"reference","module":"./tabset","name":"NgbTabset"},{"__symbolic":"reference","module":"./tabset","name":"NgbTab"},{"__symbolic":"reference","module":"./tabset","name":"NgbTabContent"},{"__symbolic":"reference","module":"./tabset","name":"NgbTabTitle"}],"exports":[{"__symbolic":"reference","module":"./tabset","name":"NgbTabset"},{"__symbolic":"reference","module":"./tabset","name":"NgbTab"},{"__symbolic":"reference","module":"./tabset","name":"NgbTabContent"},{"__symbolic":"reference","module":"./tabset","name":"NgbTabTitle"}],"imports":[{"__symbolic":"reference","module":"@angular/common","name":"CommonModule"}]}]}],"statics":{"forRoot":{"__symbolic":"function","parameters":[],"value":{"ngModule":{"__symbolic":"reference","name":"NgbTabsetModule"},"providers":[{"__symbolic":"reference","module":"./tabset-config","name":"NgbTabsetConfig"}]}}}}},"exports":[{"from":"./tabset","export":["NgbTabset","NgbTab","NgbTabContent","NgbTabTitle","NgbTabChangeEvent"]},{"from":"./tabset-config","export":["NgbTabsetConfig"]}]},{"__symbolic":"module","version":1,"metadata":{"NgbTabsetModule":{"__symbolic":"class","decorators":[{"__symbolic":"call","expression":{"__symbolic":"reference","module":"@angular/core","name":"NgModule"},"arguments":[{"declarations":[{"__symbolic":"reference","module":"./tabset","name":"NgbTabset"},{"__symbolic":"reference","module":"./tabset","name":"NgbTab"},{"__symbolic":"reference","module":"./tabset","name":"NgbTabContent"},{"__symbolic":"reference","module":"./tabset","name":"NgbTabTitle"}],"exports":[{"__symbolic":"reference","module":"./tabset","name":"NgbTabset"},{"__symbolic":"reference","module":"./tabset","name":"NgbTab"},{"__symbolic":"reference","module":"./tabset","name":"NgbTabContent"},{"__symbolic":"reference","module":"./tabset","name":"NgbTabTitle"}],"imports":[{"__symbolic":"reference","module":"@angular/common","name":"CommonModule"}]}]}],"statics":{"forRoot":{"__symbolic":"function","parameters":[],"value":{"ngModule":{"__symbolic":"reference","name":"NgbTabsetModule"},"providers":[{"__symbolic":"reference","module":"./tabset-config","name":"NgbTabsetConfig"}]}}}}},"exports":[{"from":"./tabset","export":["NgbTabset","NgbTab","NgbTabContent","NgbTabTitle","NgbTabChangeEvent"]},{"from":"./tabset-config","export":["NgbTabsetConfig"]}]}]