[{"__symbolic":"module","version":3,"metadata":{"NgbTabTitle":{"__symbolic":"class","decorators":[{"__symbolic":"call","expression":{"__symbolic":"reference","module":"@angular/core","name":"Directive"},"arguments":[{"selector":"ng-template[ngbTabTitle]"}]}],"members":{"__ctor__":[{"__symbolic":"constructor","parameters":[{"__symbolic":"reference","module":"@angular/core","name":"TemplateRef","arguments":[{"__symbolic":"reference","name":"any"}]}]}]}},"NgbTabContent":{"__symbolic":"class","decorators":[{"__symbolic":"call","expression":{"__symbolic":"reference","module":"@angular/core","name":"Directive"},"arguments":[{"selector":"ng-template[ngbTabContent]"}]}],"members":{"__ctor__":[{"__symbolic":"constructor","parameters":[{"__symbolic":"reference","module":"@angular/core","name":"TemplateRef","arguments":[{"__symbolic":"reference","name":"any"}]}]}]}},"NgbTab":{"__symbolic":"class","decorators":[{"__symbolic":"call","expression":{"__symbolic":"reference","module":"@angular/core","name":"Directive"},"arguments":[{"selector":"ngb-tab"}]}],"members":{"id":[{"__symbolic":"property","decorators":[{"__symbolic":"call","expression":{"__symbolic":"reference","module":"@angular/core","name":"Input"}}]}],"title":[{"__symbolic":"property","decorators":[{"__symbolic":"call","expression":{"__symbolic":"reference","module":"@angular/core","name":"Input"}}]}],"disabled":[{"__symbolic":"property","decorators":[{"__symbolic":"call","expression":{"__symbolic":"reference","module":"@angular/core","name":"Input"}}]}],"contentTpl":[{"__symbolic":"property","decorators":[{"__symbolic":"call","expression":{"__symbolic":"reference","module":"@angular/core","name":"ContentChild"},"arguments":[{"__symbolic":"reference","name":"NgbTabContent"}]}]}],"titleTpl":[{"__symbolic":"property","decorators":[{"__symbolic":"call","expression":{"__symbolic":"reference","module":"@angular/core","name":"ContentChild"},"arguments":[{"__symbolic":"reference","name":"NgbTabTitle"}]}]}]}},"NgbTabChangeEvent":{"__symbolic":"interface"},"NgbTabset":{"__symbolic":"class","decorators":[{"__symbolic":"call","expression":{"__symbolic":"reference","module":"@angular/core","name":"Component"},"arguments":[{"selector":"ngb-tabset","exportAs":"ngbTabset","template":"\n    <ul [class]=\"'nav nav-' + type + (orientation == 'horizontal'?  ' ' + justifyClass : ' flex-column')\" role=\"tablist\">\n      <li class=\"nav-item\" *ngFor=\"let tab of tabs\">\n        <a [id]=\"tab.id\" class=\"nav-link\" [class.active]=\"tab.id === activeId\" [class.disabled]=\"tab.disabled\"\n          href (click)=\"!!select(tab.id)\" role=\"tab\" [attr.tabindex]=\"(tab.disabled ? '-1': undefined)\"\n          [attr.aria-controls]=\"(!destroyOnHide || tab.id === activeId ? tab.id + '-panel' : null)\"\n          [attr.aria-expanded]=\"tab.id === activeId\" [attr.aria-disabled]=\"tab.disabled\">\n          {{tab.title}}<ng-template [ngTemplateOutlet]=\"tab.titleTpl?.templateRef\"></ng-template>\n        </a>\n      </li>\n    </ul>\n    <div class=\"tab-content\">\n      <ng-template ngFor let-tab [ngForOf]=\"tabs\">\n        <div\n          class=\"tab-pane {{tab.id === activeId ? 'active' : null}}\"\n          *ngIf=\"!destroyOnHide || tab.id === activeId\"\n          role=\"tabpanel\"\n          [attr.aria-labelledby]=\"tab.id\" id=\"{{tab.id}}-panel\"\n          [attr.aria-expanded]=\"tab.id === activeId\">\n          <ng-template [ngTemplateOutlet]=\"tab.contentTpl.templateRef\"></ng-template>\n        </div>\n      </ng-template>\n    </div>\n  "}]}],"members":{"tabs":[{"__symbolic":"property","decorators":[{"__symbolic":"call","expression":{"__symbolic":"reference","module":"@angular/core","name":"ContentChildren"},"arguments":[{"__symbolic":"reference","name":"NgbTab"}]}]}],"activeId":[{"__symbolic":"property","decorators":[{"__symbolic":"call","expression":{"__symbolic":"reference","module":"@angular/core","name":"Input"}}]}],"destroyOnHide":[{"__symbolic":"property","decorators":[{"__symbolic":"call","expression":{"__symbolic":"reference","module":"@angular/core","name":"Input"}}]}],"justify":[{"__symbolic":"property","decorators":[{"__symbolic":"call","expression":{"__symbolic":"reference","module":"@angular/core","name":"Input"}}]}],"orientation":[{"__symbolic":"property","decorators":[{"__symbolic":"call","expression":{"__symbolic":"reference","module":"@angular/core","name":"Input"}}]}],"type":[{"__symbolic":"property","decorators":[{"__symbolic":"call","expression":{"__symbolic":"reference","module":"@angular/core","name":"Input"}}]}],"tabChange":[{"__symbolic":"property","decorators":[{"__symbolic":"call","expression":{"__symbolic":"reference","module":"@angular/core","name":"Output"}}]}],"__ctor__":[{"__symbolic":"constructor","parameters":[{"__symbolic":"reference","module":"./tabset-config","name":"NgbTabsetConfig"}]}],"select":[{"__symbolic":"method"}],"ngAfterContentChecked":[{"__symbolic":"method"}],"_getTabById":[{"__symbolic":"method"}]}}}},{"__symbolic":"module","version":1,"metadata":{"NgbTabTitle":{"__symbolic":"class","decorators":[{"__symbolic":"call","expression":{"__symbolic":"reference","module":"@angular/core","name":"Directive"},"arguments":[{"selector":"ng-template[ngbTabTitle]"}]}],"members":{"__ctor__":[{"__symbolic":"constructor","parameters":[{"__symbolic":"reference","module":"@angular/core","name":"TemplateRef","arguments":[{"__symbolic":"reference","name":"any"}]}]}]}},"NgbTabContent":{"__symbolic":"class","decorators":[{"__symbolic":"call","expression":{"__symbolic":"reference","module":"@angular/core","name":"Directive"},"arguments":[{"selector":"ng-template[ngbTabContent]"}]}],"members":{"__ctor__":[{"__symbolic":"constructor","parameters":[{"__symbolic":"reference","module":"@angular/core","name":"TemplateRef","arguments":[{"__symbolic":"reference","name":"any"}]}]}]}},"NgbTab":{"__symbolic":"class","decorators":[{"__symbolic":"call","expression":{"__symbolic":"reference","module":"@angular/core","name":"Directive"},"arguments":[{"selector":"ngb-tab"}]}],"members":{"id":[{"__symbolic":"property","decorators":[{"__symbolic":"call","expression":{"__symbolic":"reference","module":"@angular/core","name":"Input"}}]}],"title":[{"__symbolic":"property","decorators":[{"__symbolic":"call","expression":{"__symbolic":"reference","module":"@angular/core","name":"Input"}}]}],"disabled":[{"__symbolic":"property","decorators":[{"__symbolic":"call","expression":{"__symbolic":"reference","module":"@angular/core","name":"Input"}}]}],"contentTpl":[{"__symbolic":"property","decorators":[{"__symbolic":"call","expression":{"__symbolic":"reference","module":"@angular/core","name":"ContentChild"},"arguments":[{"__symbolic":"reference","name":"NgbTabContent"}]}]}],"titleTpl":[{"__symbolic":"property","decorators":[{"__symbolic":"call","expression":{"__symbolic":"reference","module":"@angular/core","name":"ContentChild"},"arguments":[{"__symbolic":"reference","name":"NgbTabTitle"}]}]}]}},"NgbTabChangeEvent":{"__symbolic":"interface"},"NgbTabset":{"__symbolic":"class","decorators":[{"__symbolic":"call","expression":{"__symbolic":"reference","module":"@angular/core","name":"Component"},"arguments":[{"selector":"ngb-tabset","exportAs":"ngbTabset","template":"\n    <ul [class]=\"'nav nav-' + type + (orientation == 'horizontal'?  ' ' + justifyClass : ' flex-column')\" role=\"tablist\">\n      <li class=\"nav-item\" *ngFor=\"let tab of tabs\">\n        <a [id]=\"tab.id\" class=\"nav-link\" [class.active]=\"tab.id === activeId\" [class.disabled]=\"tab.disabled\"\n          href (click)=\"!!select(tab.id)\" role=\"tab\" [attr.tabindex]=\"(tab.disabled ? '-1': undefined)\"\n          [attr.aria-controls]=\"(!destroyOnHide || tab.id === activeId ? tab.id + '-panel' : null)\"\n          [attr.aria-expanded]=\"tab.id === activeId\" [attr.aria-disabled]=\"tab.disabled\">\n          {{tab.title}}<ng-template [ngTemplateOutlet]=\"tab.titleTpl?.templateRef\"></ng-template>\n        </a>\n      </li>\n    </ul>\n    <div class=\"tab-content\">\n      <ng-template ngFor let-tab [ngForOf]=\"tabs\">\n        <div\n          class=\"tab-pane {{tab.id === activeId ? 'active' : null}}\"\n          *ngIf=\"!destroyOnHide || tab.id === activeId\"\n          role=\"tabpanel\"\n          [attr.aria-labelledby]=\"tab.id\" id=\"{{tab.id}}-panel\"\n          [attr.aria-expanded]=\"tab.id === activeId\">\n          <ng-template [ngTemplateOutlet]=\"tab.contentTpl.templateRef\"></ng-template>\n        </div>\n      </ng-template>\n    </div>\n  "}]}],"members":{"tabs":[{"__symbolic":"property","decorators":[{"__symbolic":"call","expression":{"__symbolic":"reference","module":"@angular/core","name":"ContentChildren"},"arguments":[{"__symbolic":"reference","name":"NgbTab"}]}]}],"activeId":[{"__symbolic":"property","decorators":[{"__symbolic":"call","expression":{"__symbolic":"reference","module":"@angular/core","name":"Input"}}]}],"destroyOnHide":[{"__symbolic":"property","decorators":[{"__symbolic":"call","expression":{"__symbolic":"reference","module":"@angular/core","name":"Input"}}]}],"justify":[{"__symbolic":"property","decorators":[{"__symbolic":"call","expression":{"__symbolic":"reference","module":"@angular/core","name":"Input"}}]}],"orientation":[{"__symbolic":"property","decorators":[{"__symbolic":"call","expression":{"__symbolic":"reference","module":"@angular/core","name":"Input"}}]}],"type":[{"__symbolic":"property","decorators":[{"__symbolic":"call","expression":{"__symbolic":"reference","module":"@angular/core","name":"Input"}}]}],"tabChange":[{"__symbolic":"property","decorators":[{"__symbolic":"call","expression":{"__symbolic":"reference","module":"@angular/core","name":"Output"}}]}],"__ctor__":[{"__symbolic":"constructor","parameters":[{"__symbolic":"reference","module":"./tabset-config","name":"NgbTabsetConfig"}]}],"select":[{"__symbolic":"method"}],"ngAfterContentChecked":[{"__symbolic":"method"}],"_getTabById":[{"__symbolic":"method"}]}}}}]