[{"__symbolic":"module","version":3,"metadata":{"equals":{"__symbolic":"function"},"isDefined":{"__symbolic":"function","parameters":["value"],"value":{"__symbolic":"binop","operator":"&&","left":{"__symbolic":"binop","operator":"!==","left":{"__symbolic":"error","message":"Expression form not supported","line":55,"character":11},"right":"undefined"},"right":{"__symbolic":"binop","operator":"!==","left":{"__symbolic":"reference","name":"value"},"right":null}}},"isObject":{"__symbolic":"function","parameters":["item"],"value":{"__symbolic":"binop","operator":"&&","left":{"__symbolic":"binop","operator":"&&","left":{"__symbolic":"reference","name":"item"},"right":{"__symbolic":"binop","operator":"===","left":{"__symbolic":"error","message":"Expression form not supported","line":59,"character":20},"right":"object"}},"right":{"__symbolic":"pre","operator":"!","operand":{"__symbolic":"call","expression":{"__symbolic":"select","expression":{"__symbolic":"reference","name":"Array"},"member":"isArray"},"arguments":[{"__symbolic":"reference","name":"item"}]}}}},"mergeDeep":{"__symbolic":"function"}}},{"__symbolic":"module","version":1,"metadata":{"equals":{"__symbolic":"function"},"isDefined":{"__symbolic":"function","parameters":["value"],"value":{"__symbolic":"binop","operator":"&&","left":{"__symbolic":"binop","operator":"!==","left":{"__symbolic":"error","message":"Expression form not supported","line":55,"character":11},"right":"undefined"},"right":{"__symbolic":"binop","operator":"!==","left":{"__symbolic":"reference","name":"value"},"right":null}}},"isObject":{"__symbolic":"function","parameters":["item"],"value":{"__symbolic":"binop","operator":"&&","left":{"__symbolic":"binop","operator":"&&","left":{"__symbolic":"reference","name":"item"},"right":{"__symbolic":"binop","operator":"===","left":{"__symbolic":"error","message":"Expression form not supported","line":59,"character":20},"right":"object"}},"right":{"__symbolic":"pre","operator":"!","operand":{"__symbolic":"call","expression":{"__symbolic":"select","expression":{"__symbolic":"reference","name":"Array"},"member":"isArray"},"arguments":[{"__symbolic":"reference","name":"item"}]}}}},"mergeDeep":{"__symbolic":"function"}}}]