[{"__symbolic":"module","version":3,"metadata":{"NgbRootModule":{"__symbolic":"class","decorators":[{"__symbolic":"call","expression":{"__symbolic":"reference","module":"@angular/core","name":"NgModule"},"arguments":[{"imports":[{"__symbolic":"call","expression":{"__symbolic":"select","expression":{"__symbolic":"reference","module":"./alert/alert.module","name":"NgbAlertModule"},"member":"forRoot"}},{"__symbolic":"call","expression":{"__symbolic":"select","expression":{"__symbolic":"reference","module":"./buttons/buttons.module","name":"NgbButtonsModule"},"member":"forRoot"}},{"__symbolic":"call","expression":{"__symbolic":"select","expression":{"__symbolic":"reference","module":"./collapse/collapse.module","name":"NgbCollapseModule"},"member":"forRoot"}},{"__symbolic":"call","expression":{"__symbolic":"select","expression":{"__symbolic":"reference","module":"./progressbar/progressbar.module","name":"NgbProgressbarModule"},"member":"forRoot"}},{"__symbolic":"call","expression":{"__symbolic":"select","expression":{"__symbolic":"reference","module":"./tooltip/tooltip.module","name":"NgbTooltipModule"},"member":"forRoot"}},{"__symbolic":"call","expression":{"__symbolic":"select","expression":{"__symbolic":"reference","module":"./typeahead/typeahead.module","name":"NgbTypeaheadModule"},"member":"forRoot"}},{"__symbolic":"call","expression":{"__symbolic":"select","expression":{"__symbolic":"reference","module":"./accordion/accordion.module","name":"NgbAccordionModule"},"member":"forRoot"}},{"__symbolic":"call","expression":{"__symbolic":"select","expression":{"__symbolic":"reference","module":"./carousel/carousel.module","name":"NgbCarouselModule"},"member":"forRoot"}},{"__symbolic":"call","expression":{"__symbolic":"select","expression":{"__symbolic":"reference","module":"./datepicker/datepicker.module","name":"NgbDatepickerModule"},"member":"forRoot"}},{"__symbolic":"call","expression":{"__symbolic":"select","expression":{"__symbolic":"reference","module":"./dropdown/dropdown.module","name":"NgbDropdownModule"},"member":"forRoot"}},{"__symbolic":"call","expression":{"__symbolic":"select","expression":{"__symbolic":"reference","module":"./modal/modal.module","name":"NgbModalModule"},"member":"forRoot"}},{"__symbolic":"call","expression":{"__symbolic":"select","expression":{"__symbolic":"reference","module":"./pagination/pagination.module","name":"NgbPaginationModule"},"member":"forRoot"}},{"__symbolic":"call","expression":{"__symbolic":"select","expression":{"__symbolic":"reference","module":"./popover/popover.module","name":"NgbPopoverModule"},"member":"forRoot"}},{"__symbolic":"call","expression":{"__symbolic":"select","expression":{"__symbolic":"reference","module":"./progressbar/progressbar.module","name":"NgbProgressbarModule"},"member":"forRoot"}},{"__symbolic":"call","expression":{"__symbolic":"select","expression":{"__symbolic":"reference","module":"./rating/rating.module","name":"NgbRatingModule"},"member":"forRoot"}},{"__symbolic":"call","expression":{"__symbolic":"select","expression":{"__symbolic":"reference","module":"./tabset/tabset.module","name":"NgbTabsetModule"},"member":"forRoot"}},{"__symbolic":"call","expression":{"__symbolic":"select","expression":{"__symbolic":"reference","module":"./timepicker/timepicker.module","name":"NgbTimepickerModule"},"member":"forRoot"}},{"__symbolic":"call","expression":{"__symbolic":"select","expression":{"__symbolic":"reference","module":"./tooltip/tooltip.module","name":"NgbTooltipModule"},"member":"forRoot"}}],"exports":[{"__symbolic":"reference","module":"./accordion/accordion.module","name":"NgbAccordionModule"},{"__symbolic":"reference","module":"./alert/alert.module","name":"NgbAlertModule"},{"__symbolic":"reference","module":"./buttons/buttons.module","name":"NgbButtonsModule"},{"__symbolic":"reference","module":"./carousel/carousel.module","name":"NgbCarouselModule"},{"__symbolic":"reference","module":"./collapse/collapse.module","name":"NgbCollapseModule"},{"__symbolic":"reference","module":"./datepicker/datepicker.module","name":"NgbDatepickerModule"},{"__symbolic":"reference","module":"./dropdown/dropdown.module","name":"NgbDropdownModule"},{"__symbolic":"reference","module":"./modal/modal.module","name":"NgbModalModule"},{"__symbolic":"reference","module":"./pagination/pagination.module","name":"NgbPaginationModule"},{"__symbolic":"reference","module":"./popover/popover.module","name":"NgbPopoverModule"},{"__symbolic":"reference","module":"./progressbar/progressbar.module","name":"NgbProgressbarModule"},{"__symbolic":"reference","module":"./rating/rating.module","name":"NgbRatingModule"},{"__symbolic":"reference","module":"./tabset/tabset.module","name":"NgbTabsetModule"},{"__symbolic":"reference","module":"./timepicker/timepicker.module","name":"NgbTimepickerModule"},{"__symbolic":"reference","module":"./tooltip/tooltip.module","name":"NgbTooltipModule"},{"__symbolic":"reference","module":"./typeahead/typeahead.module","name":"NgbTypeaheadModule"}]}]}]},"NgbModule":{"__symbolic":"class","decorators":[{"__symbolic":"call","expression":{"__symbolic":"reference","module":"@angular/core","name":"NgModule"},"arguments":[{"imports":[{"__symbolic":"reference","module":"./accordion/accordion.module","name":"NgbAccordionModule"},{"__symbolic":"reference","module":"./alert/alert.module","name":"NgbAlertModule"},{"__symbolic":"reference","module":"./buttons/buttons.module","name":"NgbButtonsModule"},{"__symbolic":"reference","module":"./carousel/carousel.module","name":"NgbCarouselModule"},{"__symbolic":"reference","module":"./collapse/collapse.module","name":"NgbCollapseModule"},{"__symbolic":"reference","module":"./datepicker/datepicker.module","name":"NgbDatepickerModule"},{"__symbolic":"reference","module":"./dropdown/dropdown.module","name":"NgbDropdownModule"},{"__symbolic":"reference","module":"./modal/modal.module","name":"NgbModalModule"},{"__symbolic":"reference","module":"./pagination/pagination.module","name":"NgbPaginationModule"},{"__symbolic":"reference","module":"./popover/popover.module","name":"NgbPopoverModule"},{"__symbolic":"reference","module":"./progressbar/progressbar.module","name":"NgbProgressbarModule"},{"__symbolic":"reference","module":"./rating/rating.module","name":"NgbRatingModule"},{"__symbolic":"reference","module":"./tabset/tabset.module","name":"NgbTabsetModule"},{"__symbolic":"reference","module":"./timepicker/timepicker.module","name":"NgbTimepickerModule"},{"__symbolic":"reference","module":"./tooltip/tooltip.module","name":"NgbTooltipModule"},{"__symbolic":"reference","module":"./typeahead/typeahead.module","name":"NgbTypeaheadModule"}],"exports":[{"__symbolic":"reference","module":"./accordion/accordion.module","name":"NgbAccordionModule"},{"__symbolic":"reference","module":"./alert/alert.module","name":"NgbAlertModule"},{"__symbolic":"reference","module":"./buttons/buttons.module","name":"NgbButtonsModule"},{"__symbolic":"reference","module":"./carousel/carousel.module","name":"NgbCarouselModule"},{"__symbolic":"reference","module":"./collapse/collapse.module","name":"NgbCollapseModule"},{"__symbolic":"reference","module":"./datepicker/datepicker.module","name":"NgbDatepickerModule"},{"__symbolic":"reference","module":"./dropdown/dropdown.module","name":"NgbDropdownModule"},{"__symbolic":"reference","module":"./modal/modal.module","name":"NgbModalModule"},{"__symbolic":"reference","module":"./pagination/pagination.module","name":"NgbPaginationModule"},{"__symbolic":"reference","module":"./popover/popover.module","name":"NgbPopoverModule"},{"__symbolic":"reference","module":"./progressbar/progressbar.module","name":"NgbProgressbarModule"},{"__symbolic":"reference","module":"./rating/rating.module","name":"NgbRatingModule"},{"__symbolic":"reference","module":"./tabset/tabset.module","name":"NgbTabsetModule"},{"__symbolic":"reference","module":"./timepicker/timepicker.module","name":"NgbTimepickerModule"},{"__symbolic":"reference","module":"./tooltip/tooltip.module","name":"NgbTooltipModule"},{"__symbolic":"reference","module":"./typeahead/typeahead.module","name":"NgbTypeaheadModule"}]}]}],"statics":{"forRoot":{"__symbolic":"function","parameters":[],"value":{"ngModule":{"__symbolic":"reference","name":"NgbRootModule"}}}}}},"exports":[{"from":"./accordion/accordion.module","export":["NgbAccordionModule","NgbPanelChangeEvent","NgbAccordionConfig","NgbAccordion","NgbPanel","NgbPanelTitle","NgbPanelContent"]},{"from":"./alert/alert.module","export":["NgbAlertModule","NgbAlertConfig","NgbAlert"]},{"from":"./buttons/buttons.module","export":["NgbButtonsModule","NgbCheckBox","NgbRadioGroup"]},{"from":"./carousel/carousel.module","export":["NgbCarouselModule","NgbCarouselConfig","NgbCarousel","NgbSlide"]},{"from":"./collapse/collapse.module","export":["NgbCollapseModule","NgbCollapse"]},{"from":"./datepicker/datepicker.module","export":["NgbCalendar","NgbCalendarIslamicCivil","NgbDatepickerModule","NgbDatepickerI18n","NgbDatepickerConfig","NgbDateStruct","NgbDateParserFormatter","NgbDatepicker","NgbInputDatepicker"]},{"from":"./dropdown/dropdown.module","export":["NgbDropdownModule","NgbDropdownConfig","NgbDropdown"]},{"from":"./modal/modal.module","export":["NgbModalModule","NgbModal","NgbModalOptions","NgbActiveModal","NgbModalRef","ModalDismissReasons"]},{"from":"./pagination/pagination.module","export":["NgbPaginationModule","NgbPaginationConfig","NgbPagination"]},{"from":"./popover/popover.module","export":["NgbPopoverModule","NgbPopoverConfig","NgbPopover"]},{"from":"./progressbar/progressbar.module","export":["NgbProgressbarModule","NgbProgressbarConfig","NgbProgressbar"]},{"from":"./rating/rating.module","export":["NgbRatingModule","NgbRatingConfig","NgbRating"]},{"from":"./tabset/tabset.module","export":["NgbTabsetModule","NgbTabChangeEvent","NgbTabsetConfig","NgbTabset","NgbTab","NgbTabContent","NgbTabTitle"]},{"from":"./timepicker/timepicker.module","export":["NgbTimepickerModule","NgbTimepickerConfig","NgbTimeStruct","NgbTimepicker"]},{"from":"./tooltip/tooltip.module","export":["NgbTooltipModule","NgbTooltipConfig","NgbTooltip"]},{"from":"./typeahead/typeahead.module","export":["NgbHighlight","NgbTypeaheadModule","NgbTypeaheadConfig","NgbTypeaheadSelectItemEvent","NgbTypeahead"]},{"from":"./util/positioning","export":["Placement"]}]},{"__symbolic":"module","version":1,"metadata":{"NgbRootModule":{"__symbolic":"class","decorators":[{"__symbolic":"call","expression":{"__symbolic":"reference","module":"@angular/core","name":"NgModule"},"arguments":[{"imports":[{"__symbolic":"call","expression":{"__symbolic":"select","expression":{"__symbolic":"reference","module":"./alert/alert.module","name":"NgbAlertModule"},"member":"forRoot"}},{"__symbolic":"call","expression":{"__symbolic":"select","expression":{"__symbolic":"reference","module":"./buttons/buttons.module","name":"NgbButtonsModule"},"member":"forRoot"}},{"__symbolic":"call","expression":{"__symbolic":"select","expression":{"__symbolic":"reference","module":"./collapse/collapse.module","name":"NgbCollapseModule"},"member":"forRoot"}},{"__symbolic":"call","expression":{"__symbolic":"select","expression":{"__symbolic":"reference","module":"./progressbar/progressbar.module","name":"NgbProgressbarModule"},"member":"forRoot"}},{"__symbolic":"call","expression":{"__symbolic":"select","expression":{"__symbolic":"reference","module":"./tooltip/tooltip.module","name":"NgbTooltipModule"},"member":"forRoot"}},{"__symbolic":"call","expression":{"__symbolic":"select","expression":{"__symbolic":"reference","module":"./typeahead/typeahead.module","name":"NgbTypeaheadModule"},"member":"forRoot"}},{"__symbolic":"call","expression":{"__symbolic":"select","expression":{"__symbolic":"reference","module":"./accordion/accordion.module","name":"NgbAccordionModule"},"member":"forRoot"}},{"__symbolic":"call","expression":{"__symbolic":"select","expression":{"__symbolic":"reference","module":"./carousel/carousel.module","name":"NgbCarouselModule"},"member":"forRoot"}},{"__symbolic":"call","expression":{"__symbolic":"select","expression":{"__symbolic":"reference","module":"./datepicker/datepicker.module","name":"NgbDatepickerModule"},"member":"forRoot"}},{"__symbolic":"call","expression":{"__symbolic":"select","expression":{"__symbolic":"reference","module":"./dropdown/dropdown.module","name":"NgbDropdownModule"},"member":"forRoot"}},{"__symbolic":"call","expression":{"__symbolic":"select","expression":{"__symbolic":"reference","module":"./modal/modal.module","name":"NgbModalModule"},"member":"forRoot"}},{"__symbolic":"call","expression":{"__symbolic":"select","expression":{"__symbolic":"reference","module":"./pagination/pagination.module","name":"NgbPaginationModule"},"member":"forRoot"}},{"__symbolic":"call","expression":{"__symbolic":"select","expression":{"__symbolic":"reference","module":"./popover/popover.module","name":"NgbPopoverModule"},"member":"forRoot"}},{"__symbolic":"call","expression":{"__symbolic":"select","expression":{"__symbolic":"reference","module":"./progressbar/progressbar.module","name":"NgbProgressbarModule"},"member":"forRoot"}},{"__symbolic":"call","expression":{"__symbolic":"select","expression":{"__symbolic":"reference","module":"./rating/rating.module","name":"NgbRatingModule"},"member":"forRoot"}},{"__symbolic":"call","expression":{"__symbolic":"select","expression":{"__symbolic":"reference","module":"./tabset/tabset.module","name":"NgbTabsetModule"},"member":"forRoot"}},{"__symbolic":"call","expression":{"__symbolic":"select","expression":{"__symbolic":"reference","module":"./timepicker/timepicker.module","name":"NgbTimepickerModule"},"member":"forRoot"}},{"__symbolic":"call","expression":{"__symbolic":"select","expression":{"__symbolic":"reference","module":"./tooltip/tooltip.module","name":"NgbTooltipModule"},"member":"forRoot"}}],"exports":[{"__symbolic":"reference","module":"./accordion/accordion.module","name":"NgbAccordionModule"},{"__symbolic":"reference","module":"./alert/alert.module","name":"NgbAlertModule"},{"__symbolic":"reference","module":"./buttons/buttons.module","name":"NgbButtonsModule"},{"__symbolic":"reference","module":"./carousel/carousel.module","name":"NgbCarouselModule"},{"__symbolic":"reference","module":"./collapse/collapse.module","name":"NgbCollapseModule"},{"__symbolic":"reference","module":"./datepicker/datepicker.module","name":"NgbDatepickerModule"},{"__symbolic":"reference","module":"./dropdown/dropdown.module","name":"NgbDropdownModule"},{"__symbolic":"reference","module":"./modal/modal.module","name":"NgbModalModule"},{"__symbolic":"reference","module":"./pagination/pagination.module","name":"NgbPaginationModule"},{"__symbolic":"reference","module":"./popover/popover.module","name":"NgbPopoverModule"},{"__symbolic":"reference","module":"./progressbar/progressbar.module","name":"NgbProgressbarModule"},{"__symbolic":"reference","module":"./rating/rating.module","name":"NgbRatingModule"},{"__symbolic":"reference","module":"./tabset/tabset.module","name":"NgbTabsetModule"},{"__symbolic":"reference","module":"./timepicker/timepicker.module","name":"NgbTimepickerModule"},{"__symbolic":"reference","module":"./tooltip/tooltip.module","name":"NgbTooltipModule"},{"__symbolic":"reference","module":"./typeahead/typeahead.module","name":"NgbTypeaheadModule"}]}]}]},"NgbModule":{"__symbolic":"class","decorators":[{"__symbolic":"call","expression":{"__symbolic":"reference","module":"@angular/core","name":"NgModule"},"arguments":[{"imports":[{"__symbolic":"reference","module":"./accordion/accordion.module","name":"NgbAccordionModule"},{"__symbolic":"reference","module":"./alert/alert.module","name":"NgbAlertModule"},{"__symbolic":"reference","module":"./buttons/buttons.module","name":"NgbButtonsModule"},{"__symbolic":"reference","module":"./carousel/carousel.module","name":"NgbCarouselModule"},{"__symbolic":"reference","module":"./collapse/collapse.module","name":"NgbCollapseModule"},{"__symbolic":"reference","module":"./datepicker/datepicker.module","name":"NgbDatepickerModule"},{"__symbolic":"reference","module":"./dropdown/dropdown.module","name":"NgbDropdownModule"},{"__symbolic":"reference","module":"./modal/modal.module","name":"NgbModalModule"},{"__symbolic":"reference","module":"./pagination/pagination.module","name":"NgbPaginationModule"},{"__symbolic":"reference","module":"./popover/popover.module","name":"NgbPopoverModule"},{"__symbolic":"reference","module":"./progressbar/progressbar.module","name":"NgbProgressbarModule"},{"__symbolic":"reference","module":"./rating/rating.module","name":"NgbRatingModule"},{"__symbolic":"reference","module":"./tabset/tabset.module","name":"NgbTabsetModule"},{"__symbolic":"reference","module":"./timepicker/timepicker.module","name":"NgbTimepickerModule"},{"__symbolic":"reference","module":"./tooltip/tooltip.module","name":"NgbTooltipModule"},{"__symbolic":"reference","module":"./typeahead/typeahead.module","name":"NgbTypeaheadModule"}],"exports":[{"__symbolic":"reference","module":"./accordion/accordion.module","name":"NgbAccordionModule"},{"__symbolic":"reference","module":"./alert/alert.module","name":"NgbAlertModule"},{"__symbolic":"reference","module":"./buttons/buttons.module","name":"NgbButtonsModule"},{"__symbolic":"reference","module":"./carousel/carousel.module","name":"NgbCarouselModule"},{"__symbolic":"reference","module":"./collapse/collapse.module","name":"NgbCollapseModule"},{"__symbolic":"reference","module":"./datepicker/datepicker.module","name":"NgbDatepickerModule"},{"__symbolic":"reference","module":"./dropdown/dropdown.module","name":"NgbDropdownModule"},{"__symbolic":"reference","module":"./modal/modal.module","name":"NgbModalModule"},{"__symbolic":"reference","module":"./pagination/pagination.module","name":"NgbPaginationModule"},{"__symbolic":"reference","module":"./popover/popover.module","name":"NgbPopoverModule"},{"__symbolic":"reference","module":"./progressbar/progressbar.module","name":"NgbProgressbarModule"},{"__symbolic":"reference","module":"./rating/rating.module","name":"NgbRatingModule"},{"__symbolic":"reference","module":"./tabset/tabset.module","name":"NgbTabsetModule"},{"__symbolic":"reference","module":"./timepicker/timepicker.module","name":"NgbTimepickerModule"},{"__symbolic":"reference","module":"./tooltip/tooltip.module","name":"NgbTooltipModule"},{"__symbolic":"reference","module":"./typeahead/typeahead.module","name":"NgbTypeaheadModule"}]}]}],"statics":{"forRoot":{"__symbolic":"function","parameters":[],"value":{"ngModule":{"__symbolic":"reference","name":"NgbRootModule"}}}}}},"exports":[{"from":"./accordion/accordion.module","export":["NgbAccordionModule","NgbPanelChangeEvent","NgbAccordionConfig","NgbAccordion","NgbPanel","NgbPanelTitle","NgbPanelContent"]},{"from":"./alert/alert.module","export":["NgbAlertModule","NgbAlertConfig","NgbAlert"]},{"from":"./buttons/buttons.module","export":["NgbButtonsModule","NgbCheckBox","NgbRadioGroup"]},{"from":"./carousel/carousel.module","export":["NgbCarouselModule","NgbCarouselConfig","NgbCarousel","NgbSlide"]},{"from":"./collapse/collapse.module","export":["NgbCollapseModule","NgbCollapse"]},{"from":"./datepicker/datepicker.module","export":["NgbCalendar","NgbCalendarIslamicCivil","NgbDatepickerModule","NgbDatepickerI18n","NgbDatepickerConfig","NgbDateStruct","NgbDateParserFormatter","NgbDatepicker","NgbInputDatepicker"]},{"from":"./dropdown/dropdown.module","export":["NgbDropdownModule","NgbDropdownConfig","NgbDropdown"]},{"from":"./modal/modal.module","export":["NgbModalModule","NgbModal","NgbModalOptions","NgbActiveModal","NgbModalRef","ModalDismissReasons"]},{"from":"./pagination/pagination.module","export":["NgbPaginationModule","NgbPaginationConfig","NgbPagination"]},{"from":"./popover/popover.module","export":["NgbPopoverModule","NgbPopoverConfig","NgbPopover"]},{"from":"./progressbar/progressbar.module","export":["NgbProgressbarModule","NgbProgressbarConfig","NgbProgressbar"]},{"from":"./rating/rating.module","export":["NgbRatingModule","NgbRatingConfig","NgbRating"]},{"from":"./tabset/tabset.module","export":["NgbTabsetModule","NgbTabChangeEvent","NgbTabsetConfig","NgbTabset","NgbTab","NgbTabContent","NgbTabTitle"]},{"from":"./timepicker/timepicker.module","export":["NgbTimepickerModule","NgbTimepickerConfig","NgbTimeStruct","NgbTimepicker"]},{"from":"./tooltip/tooltip.module","export":["NgbTooltipModule","NgbTooltipConfig","NgbTooltip"]},{"from":"./typeahead/typeahead.module","export":["NgbHighlight","NgbTypeaheadModule","NgbTypeaheadConfig","NgbTypeaheadSelectItemEvent","NgbTypeahead"]},{"from":"./util/positioning","export":["Placement"]}]}]