[{"__symbolic":"module","version":3,"metadata":{"Positioning":{"__symbolic":"class","members":{"getAllStyles":[{"__symbolic":"method"}],"getStyle":[{"__symbolic":"method"}],"isStaticPositioned":[{"__symbolic":"method"}],"offsetParent":[{"__symbolic":"method"}],"position":[{"__symbolic":"method"}],"offset":[{"__symbolic":"method"}],"positionElements":[{"__symbolic":"method"}],"getAvailablePlacements":[{"__symbolic":"method"}],"setSecondaryPlacementForLeftRight":[{"__symbolic":"method"}],"setSecondaryPlacementForTopBottom":[{"__symbolic":"method"}]}},"positionElements":{"__symbolic":"function"}}},{"__symbolic":"module","version":1,"metadata":{"Positioning":{"__symbolic":"class","members":{"getAllStyles":[{"__symbolic":"method"}],"getStyle":[{"__symbolic":"method"}],"isStaticPositioned":[{"__symbolic":"method"}],"offsetParent":[{"__symbolic":"method"}],"position":[{"__symbolic":"method"}],"offset":[{"__symbolic":"method"}],"positionElements":[{"__symbolic":"method"}],"getAvailablePlacements":[{"__symbolic":"method"}],"setSecondaryPlacementForLeftRight":[{"__symbolic":"method"}],"setSecondaryPlacementForTopBottom":[{"__symbolic":"method"}]}},"positionElements":{"__symbolic":"function"}}}]