[{"__symbolic":"module","version":3,"metadata":{"Trigger":{"__symbolic":"class","members":{"__ctor__":[{"__symbolic":"constructor","parameters":[{"__symbolic":"reference","name":"string"},{"__symbolic":"reference","name":"string"}]}],"isManual":[{"__symbolic":"method"}]}},"parseTriggers":{"__symbolic":"function"},"listenToTriggers":{"__symbolic":"function"}}},{"__symbolic":"module","version":1,"metadata":{"Trigger":{"__symbolic":"class","members":{"__ctor__":[{"__symbolic":"constructor","parameters":[{"__symbolic":"reference","name":"string"},{"__symbolic":"reference","name":"string"}]}],"isManual":[{"__symbolic":"method"}]}},"parseTriggers":{"__symbolic":"function"},"listenToTriggers":{"__symbolic":"function"}}}]