[{"__symbolic":"module","version":3,"metadata":{"NgbAlert":{"__symbolic":"class","decorators":[{"__symbolic":"call","expression":{"__symbolic":"reference","module":"@angular/core","name":"Component"},"arguments":[{"selector":"ngb-alert","changeDetection":{"__symbolic":"select","expression":{"__symbolic":"reference","module":"@angular/core","name":"ChangeDetectionStrategy"},"member":"OnPush"},"template":"\n    <div [class]=\"'alert alert-' + type + (dismissible ? ' alert-dismissible' : '')\" role=\"alert\">\n      <button *ngIf=\"dismissible\" type=\"button\" class=\"close\" aria-label=\"Close\" (click)=\"closeHandler()\">\n            <span aria-hidden=\"true\">&times;</span>\n      </button>\n      <ng-content></ng-content>\n    </div>\n    "}]}],"members":{"dismissible":[{"__symbolic":"property","decorators":[{"__symbolic":"call","expression":{"__symbolic":"reference","module":"@angular/core","name":"Input"}}]}],"type":[{"__symbolic":"property","decorators":[{"__symbolic":"call","expression":{"__symbolic":"reference","module":"@angular/core","name":"Input"}}]}],"close":[{"__symbolic":"property","decorators":[{"__symbolic":"call","expression":{"__symbolic":"reference","module":"@angular/core","name":"Output"}}]}],"__ctor__":[{"__symbolic":"constructor","parameters":[{"__symbolic":"reference","module":"./alert-config","name":"NgbAlertConfig"}]}],"closeHandler":[{"__symbolic":"method"}]}}}},{"__symbolic":"module","version":1,"metadata":{"NgbAlert":{"__symbolic":"class","decorators":[{"__symbolic":"call","expression":{"__symbolic":"reference","module":"@angular/core","name":"Component"},"arguments":[{"selector":"ngb-alert","changeDetection":{"__symbolic":"select","expression":{"__symbolic":"reference","module":"@angular/core","name":"ChangeDetectionStrategy"},"member":"OnPush"},"template":"\n    <div [class]=\"'alert alert-' + type + (dismissible ? ' alert-dismissible' : '')\" role=\"alert\">\n      <button *ngIf=\"dismissible\" type=\"button\" class=\"close\" aria-label=\"Close\" (click)=\"closeHandler()\">\n            <span aria-hidden=\"true\">&times;</span>\n      </button>\n      <ng-content></ng-content>\n    </div>\n    "}]}],"members":{"dismissible":[{"__symbolic":"property","decorators":[{"__symbolic":"call","expression":{"__symbolic":"reference","module":"@angular/core","name":"Input"}}]}],"type":[{"__symbolic":"property","decorators":[{"__symbolic":"call","expression":{"__symbolic":"reference","module":"@angular/core","name":"Input"}}]}],"close":[{"__symbolic":"property","decorators":[{"__symbolic":"call","expression":{"__symbolic":"reference","module":"@angular/core","name":"Output"}}]}],"__ctor__":[{"__symbolic":"constructor","parameters":[{"__symbolic":"reference","module":"./alert-config","name":"NgbAlertConfig"}]}],"closeHandler":[{"__symbolic":"method"}]}}}}]