[{"__symbolic":"module","version":3,"metadata":{"NgbCollapse":{"__symbolic":"class","decorators":[{"__symbolic":"call","expression":{"__symbolic":"reference","module":"@angular/core","name":"Directive"},"arguments":[{"selector":"[ngbCollapse]","exportAs":"ngbCollapse","host":{"[class.collapse]":"true","[class.show]":"!collapsed","$quoted$":["[class.collapse]","[class.show]"]}}]}],"members":{"collapsed":[{"__symbolic":"property","decorators":[{"__symbolic":"call","expression":{"__symbolic":"reference","module":"@angular/core","name":"Input"},"arguments":["ngbCollapse"]}]}]}}}},{"__symbolic":"module","version":1,"metadata":{"NgbCollapse":{"__symbolic":"class","decorators":[{"__symbolic":"call","expression":{"__symbolic":"reference","module":"@angular/core","name":"Directive"},"arguments":[{"selector":"[ngbCollapse]","exportAs":"ngbCollapse","host":{"[class.collapse]":"true","[class.show]":"!collapsed"}}]}],"members":{"collapsed":[{"__symbolic":"property","decorators":[{"__symbolic":"call","expression":{"__symbolic":"reference","module":"@angular/core","name":"Input"},"arguments":["ngbCollapse"]}]}]}}}}]