[{"__symbolic":"module","version":3,"metadata":{"NgbCollapseModule":{"__symbolic":"class","decorators":[{"__symbolic":"call","expression":{"__symbolic":"reference","module":"@angular/core","name":"NgModule"},"arguments":[{"declarations":[{"__symbolic":"reference","module":"./collapse","name":"NgbCollapse"}],"exports":[{"__symbolic":"reference","module":"./collapse","name":"NgbCollapse"}]}]}],"statics":{"forRoot":{"__symbolic":"function","parameters":[],"value":{"ngModule":{"__symbolic":"reference","name":"NgbCollapseModule"},"providers":[]}}}}},"exports":[{"from":"./collapse","export":["NgbCollapse"]}]},{"__symbolic":"module","version":1,"metadata":{"NgbCollapseModule":{"__symbolic":"class","decorators":[{"__symbolic":"call","expression":{"__symbolic":"reference","module":"@angular/core","name":"NgModule"},"arguments":[{"declarations":[{"__symbolic":"reference","module":"./collapse","name":"NgbCollapse"}],"exports":[{"__symbolic":"reference","module":"./collapse","name":"NgbCollapse"}]}]}],"statics":{"forRoot":{"__symbolic":"function","parameters":[],"value":{"ngModule":{"__symbolic":"reference","name":"NgbCollapseModule"},"providers":[]}}}}},"exports":[{"from":"./collapse","export":["NgbCollapse"]}]}]