[{"__symbolic":"module","version":3,"metadata":{"NgbTime":{"__symbolic":"class","members":{"__ctor__":[{"__symbolic":"constructor","parameters":[{"__symbolic":"reference","name":"number"},{"__symbolic":"reference","name":"number"},{"__symbolic":"reference","name":"number"}]}],"changeHour":[{"__symbolic":"method"}],"updateHour":[{"__symbolic":"method"}],"changeMinute":[{"__symbolic":"method"}],"updateMinute":[{"__symbolic":"method"}],"changeSecond":[{"__symbolic":"method"}],"updateSecond":[{"__symbolic":"method"}],"isValid":[{"__symbolic":"method"}],"toString":[{"__symbolic":"method"}]}}}},{"__symbolic":"module","version":1,"metadata":{"NgbTime":{"__symbolic":"class","members":{"__ctor__":[{"__symbolic":"constructor","parameters":[{"__symbolic":"reference","name":"number"},{"__symbolic":"reference","name":"number"},{"__symbolic":"reference","name":"number"}]}],"changeHour":[{"__symbolic":"method"}],"updateHour":[{"__symbolic":"method"}],"changeMinute":[{"__symbolic":"method"}],"updateMinute":[{"__symbolic":"method"}],"changeSecond":[{"__symbolic":"method"}],"updateSecond":[{"__symbolic":"method"}],"isValid":[{"__symbolic":"method"}],"toString":[{"__symbolic":"method"}]}}}}]