[{"__symbolic":"module","version":3,"metadata":{"NgbTimepickerModule":{"__symbolic":"class","decorators":[{"__symbolic":"call","expression":{"__symbolic":"reference","module":"@angular/core","name":"NgModule"},"arguments":[{"declarations":[{"__symbolic":"reference","module":"./timepicker","name":"NgbTimepicker"}],"exports":[{"__symbolic":"reference","module":"./timepicker","name":"NgbTimepicker"}],"imports":[{"__symbolic":"reference","module":"@angular/common","name":"CommonModule"}]}]}],"statics":{"forRoot":{"__symbolic":"function","parameters":[],"value":{"ngModule":{"__symbolic":"reference","name":"NgbTimepickerModule"},"providers":[{"__symbolic":"reference","module":"./timepicker-config","name":"NgbTimepickerConfig"}]}}}}},"exports":[{"from":"./timepicker","export":["NgbTimepicker"]},{"from":"./timepicker-config","export":["NgbTimepickerConfig"]},{"from":"./ngb-time-struct","export":["NgbTimeStruct"]}]},{"__symbolic":"module","version":1,"metadata":{"NgbTimepickerModule":{"__symbolic":"class","decorators":[{"__symbolic":"call","expression":{"__symbolic":"reference","module":"@angular/core","name":"NgModule"},"arguments":[{"declarations":[{"__symbolic":"reference","module":"./timepicker","name":"NgbTimepicker"}],"exports":[{"__symbolic":"reference","module":"./timepicker","name":"NgbTimepicker"}],"imports":[{"__symbolic":"reference","module":"@angular/common","name":"CommonModule"}]}]}],"statics":{"forRoot":{"__symbolic":"function","parameters":[],"value":{"ngModule":{"__symbolic":"reference","name":"NgbTimepickerModule"},"providers":[{"__symbolic":"reference","module":"./timepicker-config","name":"NgbTimepickerConfig"}]}}}}},"exports":[{"from":"./timepicker","export":["NgbTimepicker"]},{"from":"./timepicker-config","export":["NgbTimepickerConfig"]},{"from":"./ngb-time-struct","export":["NgbTimeStruct"]}]}]