[{"__symbolic":"module","version":3,"metadata":{"NgbProgressbar":{"__symbolic":"class","decorators":[{"__symbolic":"call","expression":{"__symbolic":"reference","module":"@angular/core","name":"Component"},"arguments":[{"selector":"ngb-progressbar","changeDetection":{"__symbolic":"select","expression":{"__symbolic":"reference","module":"@angular/core","name":"ChangeDetectionStrategy"},"member":"OnPush"},"template":"\n    <div class=\"progress\">\n      <div class=\"progress-bar{{type ? ' bg-' + type : ''}}{{animated ? ' progress-bar-animated' : ''}}{{striped ?\n    ' progress-bar-striped' : ''}}\" role=\"progressbar\" [style.width.%]=\"getPercentValue()\"\n    [attr.aria-valuenow]=\"getValue()\" aria-valuemin=\"0\" [attr.aria-valuemax]=\"max\">\n        <span *ngIf=\"showValue\">{{getPercentValue()}}%</span><ng-content></ng-content>\n      </div>\n    </div>\n  "}]}],"members":{"max":[{"__symbolic":"property","decorators":[{"__symbolic":"call","expression":{"__symbolic":"reference","module":"@angular/core","name":"Input"}}]}],"animated":[{"__symbolic":"property","decorators":[{"__symbolic":"call","expression":{"__symbolic":"reference","module":"@angular/core","name":"Input"}}]}],"striped":[{"__symbolic":"property","decorators":[{"__symbolic":"call","expression":{"__symbolic":"reference","module":"@angular/core","name":"Input"}}]}],"showValue":[{"__symbolic":"property","decorators":[{"__symbolic":"call","expression":{"__symbolic":"reference","module":"@angular/core","name":"Input"}}]}],"type":[{"__symbolic":"property","decorators":[{"__symbolic":"call","expression":{"__symbolic":"reference","module":"@angular/core","name":"Input"}}]}],"value":[{"__symbolic":"property","decorators":[{"__symbolic":"call","expression":{"__symbolic":"reference","module":"@angular/core","name":"Input"}}]}],"__ctor__":[{"__symbolic":"constructor","parameters":[{"__symbolic":"reference","module":"./progressbar-config","name":"NgbProgressbarConfig"}]}],"getValue":[{"__symbolic":"method"}],"getPercentValue":[{"__symbolic":"method"}]}}}},{"__symbolic":"module","version":1,"metadata":{"NgbProgressbar":{"__symbolic":"class","decorators":[{"__symbolic":"call","expression":{"__symbolic":"reference","module":"@angular/core","name":"Component"},"arguments":[{"selector":"ngb-progressbar","changeDetection":{"__symbolic":"select","expression":{"__symbolic":"reference","module":"@angular/core","name":"ChangeDetectionStrategy"},"member":"OnPush"},"template":"\n    <div class=\"progress\">\n      <div class=\"progress-bar{{type ? ' bg-' + type : ''}}{{animated ? ' progress-bar-animated' : ''}}{{striped ?\n    ' progress-bar-striped' : ''}}\" role=\"progressbar\" [style.width.%]=\"getPercentValue()\"\n    [attr.aria-valuenow]=\"getValue()\" aria-valuemin=\"0\" [attr.aria-valuemax]=\"max\">\n        <span *ngIf=\"showValue\">{{getPercentValue()}}%</span><ng-content></ng-content>\n      </div>\n    </div>\n  "}]}],"members":{"max":[{"__symbolic":"property","decorators":[{"__symbolic":"call","expression":{"__symbolic":"reference","module":"@angular/core","name":"Input"}}]}],"animated":[{"__symbolic":"property","decorators":[{"__symbolic":"call","expression":{"__symbolic":"reference","module":"@angular/core","name":"Input"}}]}],"striped":[{"__symbolic":"property","decorators":[{"__symbolic":"call","expression":{"__symbolic":"reference","module":"@angular/core","name":"Input"}}]}],"showValue":[{"__symbolic":"property","decorators":[{"__symbolic":"call","expression":{"__symbolic":"reference","module":"@angular/core","name":"Input"}}]}],"type":[{"__symbolic":"property","decorators":[{"__symbolic":"call","expression":{"__symbolic":"reference","module":"@angular/core","name":"Input"}}]}],"value":[{"__symbolic":"property","decorators":[{"__symbolic":"call","expression":{"__symbolic":"reference","module":"@angular/core","name":"Input"}}]}],"__ctor__":[{"__symbolic":"constructor","parameters":[{"__symbolic":"reference","module":"./progressbar-config","name":"NgbProgressbarConfig"}]}],"getValue":[{"__symbolic":"method"}],"getPercentValue":[{"__symbolic":"method"}]}}}}]