[{"__symbolic":"module","version":3,"metadata":{"NgbProgressbarModule":{"__symbolic":"class","decorators":[{"__symbolic":"call","expression":{"__symbolic":"reference","module":"@angular/core","name":"NgModule"},"arguments":[{"declarations":[{"__symbolic":"reference","module":"./progressbar","name":"NgbProgressbar"}],"exports":[{"__symbolic":"reference","module":"./progressbar","name":"NgbProgressbar"}],"imports":[{"__symbolic":"reference","module":"@angular/common","name":"CommonModule"}]}]}],"statics":{"forRoot":{"__symbolic":"function","parameters":[],"value":{"ngModule":{"__symbolic":"reference","name":"NgbProgressbarModule"},"providers":[{"__symbolic":"reference","module":"./progressbar-config","name":"NgbProgressbarConfig"}]}}}}},"exports":[{"from":"./progressbar","export":["NgbProgressbar"]},{"from":"./progressbar-config","export":["NgbProgressbarConfig"]}]},{"__symbolic":"module","version":1,"metadata":{"NgbProgressbarModule":{"__symbolic":"class","decorators":[{"__symbolic":"call","expression":{"__symbolic":"reference","module":"@angular/core","name":"NgModule"},"arguments":[{"declarations":[{"__symbolic":"reference","module":"./progressbar","name":"NgbProgressbar"}],"exports":[{"__symbolic":"reference","module":"./progressbar","name":"NgbProgressbar"}],"imports":[{"__symbolic":"reference","module":"@angular/common","name":"CommonModule"}]}]}],"statics":{"forRoot":{"__symbolic":"function","parameters":[],"value":{"ngModule":{"__symbolic":"reference","name":"NgbProgressbarModule"},"providers":[{"__symbolic":"reference","module":"./progressbar-config","name":"NgbProgressbarConfig"}]}}}}},"exports":[{"from":"./progressbar","export":["NgbProgressbar"]},{"from":"./progressbar-config","export":["NgbProgressbarConfig"]}]}]